dtm_model,dataset,llm,topic_idx,year,temporal_coherence,temporal_smoothness,raw
DETM,nyt,llama,0,1988,1,1,"{
  ""temporal_coherence"": 1,
  ""temporal_smoothness"": 1
}"
DETM,nyt,llama,0,1989,1,1,"{
  ""temporal_coherence"": 1,
  ""temporal_smoothness"": 1
}"
DETM,nyt,llama,0,1990,1,1,"{
  ""temporal_coherence"": 1,
  ""temporal_smoothness"": 1
}"
DETM,nyt,llama,0,1991,2,1,"{
  ""temporal_coherence"": 2,
  ""temporal_smoothness"": 1
}"
DETM,nyt,llama,0,1992,1,1,"{
  ""temporal_coherence"": 1,
  ""temporal_smoothness"": 1
}"
DETM,nyt,llama,0,1993,2,1,"{
  ""temporal_coherence"": 2,
  ""temporal_smoothness"": 1
}"
DETM,nyt,llama,0,1994,2,3,"{
  ""temporal_coherence"": 2,
  ""temporal_smoothness"": 3
}"
DETM,nyt,llama,0,1995,2,1,"{
  ""temporal_coherence"": 2,
  ""temporal_smoothness"": 1
}"
DETM,nyt,llama,0,1996,1,1,"{
  ""temporal_coherence"": 1,
  ""temporal_smoothness"": 1
}"
DETM,nyt,llama,0,1997,1,1,"{
  ""temporal_coherence"": 1,
  ""temporal_smoothness"": 1
}"
DETM,nyt,llama,0,1998,1,1,"{
  ""temporal_coherence"": 1,
  ""temporal_smoothness"": 1
}"
DETM,nyt,llama,0,1999,2,3,"{
  ""temporal_coherence"": 2,
  ""temporal_smoothness"": 3
}"
DETM,nyt,llama,0,2000,3,3,"{
  ""temporal_coherence"": 3,
  ""temporal_smoothness"": 3
}"
DETM,nyt,llama,0,2001,1,1,"{
  ""temporal_coherence"": 1,
  ""temporal_smoothness"": 1
}"
DETM,nyt,llama,0,2002,2,3,"{
  ""temporal_coherence"": 2,
  ""temporal_smoothness"": 3
}"
DETM,nyt,llama,0,2003,3,3,"{
  ""temporal_coherence"": 3,
  ""temporal_smoothness"": 3
}"
DETM,nyt,llama,0,2004,2,1,"{
  ""temporal_coherence"": 2,
  ""temporal_smoothness"": 1
}"
DETM,nyt,llama,0,2005,1,1,"{
  ""temporal_coherence"": 1,
  ""temporal_smoothness"": 1
}"
DETM,nyt,llama,0,2006,2,2,"{
  ""temporal_coherence"": 2,
  ""temporal_smoothness"": 2
}"
DETM,nyt,llama,1,1988,1,1,"{
  ""temporal_coherence"": 1,
  ""temporal_smoothness"": 1
}"
DETM,nyt,llama,1,1989,1,1,"{
  ""temporal_coherence"": 1,
  ""temporal_smoothness"": 1
}"
DETM,nyt,llama,1,1990,2,2,"{
  ""temporal_coherence"": 2,
  ""temporal_smoothness"": 2
}"
DETM,nyt,llama,1,1991,3,3,"{
  ""temporal_coherence"": 3,
  ""temporal_smoothness"": 3
}"
DETM,nyt,llama,1,1992,2,2,"{
  ""temporal_coherence"": 2,
  ""temporal_smoothness"": 2
}"
DETM,nyt,llama,1,1993,3,3,"{
  ""temporal_coherence"": 3,
  ""temporal_smoothness"": 3
}"
DETM,nyt,llama,1,1994,3,3,"{
  ""temporal_coherence"": 3,
  ""temporal_smoothness"": 3
}"
DETM,nyt,llama,1,1995,1,1,"{
  ""temporal_coherence"": 1,
  ""temporal_smoothness"": 1
}"
DETM,nyt,llama,1,1996,1,1,"{
  ""temporal_coherence"": 1,
  ""temporal_smoothness"": 1
}"
DETM,nyt,llama,1,1997,3,3,"{
  ""temporal_coherence"": 3,
  ""temporal_smoothness"": 3
}"
DETM,nyt,llama,1,1998,3,3,"{
  ""temporal_coherence"": 3,
  ""temporal_smoothness"": 3
}"
DETM,nyt,llama,1,1999,2,2,"{
  ""temporal_coherence"": 2,
  ""temporal_smoothness"": 2
}"
DETM,nyt,llama,1,2000,3,3,"{
  ""temporal_coherence"": 3,
  ""temporal_smoothness"": 3
}"
DETM,nyt,llama,1,2001,3,3,"{
  ""temporal_coherence"": 3,
  ""temporal_smoothness"": 3
}"
DETM,nyt,llama,1,2002,2,2,"{
  ""temporal_coherence"": 2,
  ""temporal_smoothness"": 2
}"
DETM,nyt,llama,1,2003,2,2,"{
  ""temporal_coherence"": 2,
  ""temporal_smoothness"": 2
}"
DETM,nyt,llama,1,2004,3,3,"{
  ""temporal_coherence"": 3,
  ""temporal_smoothness"": 3
}"
DETM,nyt,llama,1,2005,3,2,"{
  ""temporal_coherence"": 3,
  ""temporal_smoothness"": 2
}"
DETM,nyt,llama,1,2006,3,3,"{
  ""temporal_coherence"": 3,
  ""temporal_smoothness"": 3
}"
DETM,nyt,llama,2,1988,2,2,"{
  ""temporal_coherence"": 2,
  ""temporal_smoothness"": 2
}"
DETM,nyt,llama,2,1989,2,1,"{
  ""temporal_coherence"": 2,
  ""temporal_smoothness"": 1
}"
DETM,nyt,llama,2,1990,2,3,"{
  ""temporal_coherence"": 2,
  ""temporal_smoothness"": 3
}"
DETM,nyt,llama,2,1991,2,1,"{
  ""temporal_coherence"": 2,
  ""temporal_smoothness"": 1
}"
DETM,nyt,llama,2,1992,3,3,"{
  ""temporal_coherence"": 3,
  ""temporal_smoothness"": 3
}"
DETM,nyt,llama,2,1993,3,3,"{
  ""temporal_coherence"": 3,
  ""temporal_smoothness"": 3
}"
DETM,nyt,llama,2,1994,3,3,"{
  ""temporal_coherence"": 3,
  ""temporal_smoothness"": 3
}"
DETM,nyt,llama,2,1995,2,2,"{
  ""temporal_coherence"": 2,
  ""temporal_smoothness"": 2
}"
DETM,nyt,llama,2,1996,3,3,"{
  ""temporal_coherence"": 3,
  ""temporal_smoothness"": 3
}"
DETM,nyt,llama,2,1997,3,3,"{
  ""temporal_coherence"": 3,
  ""temporal_smoothness"": 3
}"
DETM,nyt,llama,2,1998,3,2,"{
  ""temporal_coherence"": 3,
  ""temporal_smoothness"": 2
}"
DETM,nyt,llama,2,1999,3,2,"{
  ""temporal_coherence"": 3,
  ""temporal_smoothness"": 2
}"
DETM,nyt,llama,2,2000,2,3,"{
  ""temporal_coherence"": 2,
  ""temporal_smoothness"": 3
}"
DETM,nyt,llama,2,2001,3,3,"{
  ""temporal_coherence"": 3,
  ""temporal_smoothness"": 3
}"
DETM,nyt,llama,2,2002,2,2,"{
  ""temporal_coherence"": 2,
  ""temporal_smoothness"": 2
}"
DETM,nyt,llama,2,2003,1,1,"{
  ""temporal_coherence"": 1,
  ""temporal_smoothness"": 1
}"
DETM,nyt,llama,2,2004,1,1,"{
  ""temporal_coherence"": 1,
  ""temporal_smoothness"": 1
}"
DETM,nyt,llama,2,2005,1,3,"{
  ""temporal_coherence"": 1,
  ""temporal_smoothness"": 3
}"
DETM,nyt,llama,2,2006,2,2,"{
  ""temporal_coherence"": 2,
  ""temporal_smoothness"": 2
}"
DETM,nyt,llama,3,1988,3,3,"{
  ""temporal_coherence"": 3,
  ""temporal_smoothness"": 3
}"
DETM,nyt,llama,3,1989,3,2,"{
  ""temporal_coherence"": 3,
  ""temporal_smoothness"": 2
}"
DETM,nyt,llama,3,1990,3,3,"{
  ""temporal_coherence"": 3,
  ""temporal_smoothness"": 3
}"
DETM,nyt,llama,3,1991,2,2,"{
  ""temporal_coherence"": 2,
  ""temporal_smoothness"": 2
}"
DETM,nyt,llama,3,1992,3,3,"{
  ""temporal_coherence"": 3,
  ""temporal_smoothness"": 3
}"
DETM,nyt,llama,3,1993,3,3,"{
  ""temporal_coherence"": 3,
  ""temporal_smoothness"": 3
}"
DETM,nyt,llama,3,1994,3,3,"{
  ""temporal_coherence"": 3,
  ""temporal_smoothness"": 3
}"
DETM,nyt,llama,3,1995,1,1,"{
  ""temporal_coherence"": 1,
  ""temporal_smoothness"": 1
}"
DETM,nyt,llama,3,1996,3,3,"{
  ""temporal_coherence"": 3,
  ""temporal_smoothness"": 3
}"
DETM,nyt,llama,3,1997,3,3,"{
  ""temporal_coherence"": 3,
  ""temporal_smoothness"": 3
}"
DETM,nyt,llama,3,1998,3,3,"{
  ""temporal_coherence"": 3,
  ""temporal_smoothness"": 3
}"
DETM,nyt,llama,3,1999,3,3,"{
  ""temporal_coherence"": 3,
  ""temporal_smoothness"": 3
}"
DETM,nyt,llama,3,2000,3,3,"{
  ""temporal_coherence"": 3,
  ""temporal_smoothness"": 3
}"
DETM,nyt,llama,3,2001,1,1,"{
  ""temporal_coherence"": 1,
  ""temporal_smoothness"": 1
}"
DETM,nyt,llama,3,2002,1,1,"{
  ""temporal_coherence"": 1,
  ""temporal_smoothness"": 1
}"
DETM,nyt,llama,3,2003,3,3,"{
  ""temporal_coherence"": 3,
  ""temporal_smoothness"": 3
}"
DETM,nyt,llama,3,2004,3,3,"{
  ""temporal_coherence"": 3,
  ""temporal_smoothness"": 3
}"
DETM,nyt,llama,3,2005,3,3,"{
  ""temporal_coherence"": 3,
  ""temporal_smoothness"": 3
}"
DETM,nyt,llama,3,2006,3,3,"{
  ""temporal_coherence"": 3,
  ""temporal_smoothness"": 3
}"
DETM,nyt,llama,4,1988,3,3,"{
  ""temporal_coherence"": 3,
  ""temporal_smoothness"": 3
}"
DETM,nyt,llama,4,1989,1,1,"{
  ""temporal_coherence"": 1,
  ""temporal_smoothness"": 1
}"
DETM,nyt,llama,4,1990,1,1,"{
  ""temporal_coherence"": 1,
  ""temporal_smoothness"": 1
}"
DETM,nyt,llama,4,1991,1,1,"{
  ""temporal_coherence"": 1,
  ""temporal_smoothness"": 1
}"
DETM,nyt,llama,4,1992,1,1,"{
  ""temporal_coherence"": 1,
  ""temporal_smoothness"": 1
}"
DETM,nyt,llama,4,1993,1,1,"{
  ""temporal_coherence"": 1,
  ""temporal_smoothness"": 1
}"
DETM,nyt,llama,4,1994,1,1,"{
  ""temporal_coherence"": 1,
  ""temporal_smoothness"": 1
}"
DETM,nyt,llama,4,1995,1,1,"{
  ""temporal_coherence"": 1,
  ""temporal_smoothness"": 1
}"
DETM,nyt,llama,4,1996,3,3,"{
  ""temporal_coherence"": 3,
  ""temporal_smoothness"": 3
}"
DETM,nyt,llama,4,1997,3,3,"{
  ""temporal_coherence"": 3,
  ""temporal_smoothness"": 3
}"
DETM,nyt,llama,4,1998,3,3,"{
  ""temporal_coherence"": 3,
  ""temporal_smoothness"": 3
}"
DETM,nyt,llama,4,1999,1,1,"{
  ""temporal_coherence"": 1,
  ""temporal_smoothness"": 1
}"
DETM,nyt,llama,4,2000,1,1,"{
  ""temporal_coherence"": 1,
  ""temporal_smoothness"": 1
}"
DETM,nyt,llama,4,2001,1,1,"{
  ""temporal_coherence"": 1,
  ""temporal_smoothness"": 1
}"
DETM,nyt,llama,4,2002,2,2,"{
  ""temporal_coherence"": 2,
  ""temporal_smoothness"": 2
}"
DETM,nyt,llama,4,2003,2,2,"{
  ""temporal_coherence"": 2,
  ""temporal_smoothness"": 2
}"
DETM,nyt,llama,4,2004,2,3,"{
  ""temporal_coherence"": 2,
  ""temporal_smoothness"": 3
}"
DETM,nyt,llama,4,2005,2,2,"{
  ""temporal_coherence"": 2,
  ""temporal_smoothness"": 2
}"
DETM,nyt,llama,4,2006,3,3,"{
  ""temporal_coherence"": 3,
  ""temporal_smoothness"": 3
}"
DETM,nyt,llama,5,1988,2,1,"{
  ""temporal_coherence"": 2,
  ""temporal_smoothness"": 1
}"
DETM,nyt,llama,5,1989,1,1,"{
  ""temporal_coherence"": 1,
  ""temporal_smoothness"": 1
}"
DETM,nyt,llama,5,1990,1,1,"{
  ""temporal_coherence"": 1,
  ""temporal_smoothness"": 1
}"
DETM,nyt,llama,5,1991,1,1,"{
  ""temporal_coherence"": 1,
  ""temporal_smoothness"": 1
}"
DETM,nyt,llama,5,1992,1,3,"{
  ""temporal_coherence"": 1,
  ""temporal_smoothness"": 3
}"
DETM,nyt,llama,5,1993,2,3,"{
  ""temporal_coherence"": 2,
  ""temporal_smoothness"": 3
}"
DETM,nyt,llama,5,1994,2,3,"{
  ""temporal_coherence"": 2,
  ""temporal_smoothness"": 3
}"
DETM,nyt,llama,5,1995,2,1,"{
  ""temporal_coherence"": 2,
  ""temporal_smoothness"": 1
}"
DETM,nyt,llama,5,1996,1,2,"{
  ""temporal_coherence"": 1,
  ""temporal_smoothness"": 2
}"
DETM,nyt,llama,5,1997,3,3,"{
  ""temporal_coherence"": 3,
  ""temporal_smoothness"": 3
}"
DETM,nyt,llama,5,1998,2,1,"{
  ""temporal_coherence"": 2,
  ""temporal_smoothness"": 1
}"
DETM,nyt,llama,5,1999,2,2,"{
  ""temporal_coherence"": 2,
  ""temporal_smoothness"": 2
}"
DETM,nyt,llama,5,2000,2,2,"{
  ""temporal_coherence"": 2,
  ""temporal_smoothness"": 2
}"
DETM,nyt,llama,5,2001,2,3,"{
  ""temporal_coherence"": 2,
  ""temporal_smoothness"": 3
}"
DETM,nyt,llama,5,2002,2,2,"{
  ""temporal_coherence"": 2,
  ""temporal_smoothness"": 2
}"
DETM,nyt,llama,5,2003,1,1,"{
  ""temporal_coherence"": 1,
  ""temporal_smoothness"": 1
}"
DETM,nyt,llama,5,2004,1,1,"{
  ""temporal_coherence"": 1,
  ""temporal_smoothness"": 1
}"
DETM,nyt,llama,5,2005,3,3,"{
  ""temporal_coherence"": 3,
  ""temporal_smoothness"": 3
}"
DETM,nyt,llama,5,2006,3,3,"{
  ""temporal_coherence"": 3,
  ""temporal_smoothness"": 3
}"
DETM,nyt,llama,6,1988,2,2,"{
  ""temporal_coherence"": 2,
  ""temporal_smoothness"": 2
}"
DETM,nyt,llama,6,1989,2,3,"{
  ""temporal_coherence"": 2,
  ""temporal_smoothness"": 3
}"
DETM,nyt,llama,6,1990,3,3,"{
  ""temporal_coherence"": 3,
  ""temporal_smoothness"": 3
}"
DETM,nyt,llama,6,1991,3,3,"{
  ""temporal_coherence"": 3,
  ""temporal_smoothness"": 3
}"
DETM,nyt,llama,6,1992,3,3,"{
  ""temporal_coherence"": 3,
  ""temporal_smoothness"": 3
}"
DETM,nyt,llama,6,1993,3,3,"{
  ""temporal_coherence"": 3,
  ""temporal_smoothness"": 3
}"
DETM,nyt,llama,6,1994,3,3,"{
  ""temporal_coherence"": 3,
  ""temporal_smoothness"": 3
}"
DETM,nyt,llama,6,1995,2,1,"{
  ""temporal_coherence"": 2,
  ""temporal_smoothness"": 1
}"
DETM,nyt,llama,6,1996,2,2,"{
  ""temporal_coherence"": 2,
  ""temporal_smoothness"": 2
}"
DETM,nyt,llama,6,1997,2,3,"{
  ""temporal_coherence"": 2,
  ""temporal_smoothness"": 3
}"
DETM,nyt,llama,6,1998,1,1,"{
  ""temporal_coherence"": 1,
  ""temporal_smoothness"": 1
}"
DETM,nyt,llama,6,1999,1,1,"{
  ""temporal_coherence"": 1,
  ""temporal_smoothness"": 1
}"
DETM,nyt,llama,6,2000,3,3,"{
  ""temporal_coherence"": 3,
  ""temporal_smoothness"": 3
}"
DETM,nyt,llama,6,2001,1,1,"{
  ""temporal_coherence"": 1,
  ""temporal_smoothness"": 1
}"
DETM,nyt,llama,6,2002,1,1,"{
  ""temporal_coherence"": 1,
  ""temporal_smoothness"": 1
}"
DETM,nyt,llama,6,2003,3,3,"{
  ""temporal_coherence"": 3,
  ""temporal_smoothness"": 3
}"
DETM,nyt,llama,6,2004,3,3,"{
  ""temporal_coherence"": 3,
  ""temporal_smoothness"": 3
}"
DETM,nyt,llama,6,2005,3,3,"{
  ""temporal_coherence"": 3,
  ""temporal_smoothness"": 3
}"
DETM,nyt,llama,6,2006,3,3,"{
  ""temporal_coherence"": 3,
  ""temporal_smoothness"": 3
}"
DETM,nyt,llama,7,1988,3,3,"{
  ""temporal_coherence"": 3,
  ""temporal_smoothness"": 3
}"
DETM,nyt,llama,7,1989,3,3,"{
  ""temporal_coherence"": 3,
  ""temporal_smoothness"": 3
}"
DETM,nyt,llama,7,1990,3,2,"{
  ""temporal_coherence"": 3,
  ""temporal_smoothness"": 2
}"
DETM,nyt,llama,7,1991,2,1,"{
  ""temporal_coherence"": 2,
  ""temporal_smoothness"": 1
}"
DETM,nyt,llama,7,1992,1,1,"{
  ""temporal_coherence"": 1,
  ""temporal_smoothness"": 1
}"
DETM,nyt,llama,7,1993,1,1,"{
  ""temporal_coherence"": 1,
  ""temporal_smoothness"": 1
}"
DETM,nyt,llama,7,1994,3,3,"{
  ""temporal_coherence"": 3,
  ""temporal_smoothness"": 3
}"
DETM,nyt,llama,7,1995,1,1,"{
  ""temporal_coherence"": 1,
  ""temporal_smoothness"": 1
}"
DETM,nyt,llama,7,1996,1,1,"{
  ""temporal_coherence"": 1,
  ""temporal_smoothness"": 1
}"
DETM,nyt,llama,7,1997,3,3,"{
  ""temporal_coherence"": 3,
  ""temporal_smoothness"": 3
}"
DETM,nyt,llama,7,1998,2,2,"{
  ""temporal_coherence"": 2,
  ""temporal_smoothness"": 2
}"
DETM,nyt,llama,7,1999,1,1,"{
  ""temporal_coherence"": 1,
  ""temporal_smoothness"": 1
}"
DETM,nyt,llama,7,2000,1,1,"{
  ""temporal_coherence"": 1,
  ""temporal_smoothness"": 1
}"
DETM,nyt,llama,7,2001,3,3,"{
  ""temporal_coherence"": 3,
  ""temporal_smoothness"": 3
}"
DETM,nyt,llama,7,2002,3,3,"{
  ""temporal_coherence"": 3,
  ""temporal_smoothness"": 3
}"
DETM,nyt,llama,7,2003,2,1,"{
  ""temporal_coherence"": 2,
  ""temporal_smoothness"": 1
}"
DETM,nyt,llama,7,2004,3,3,"{
  ""temporal_coherence"": 3,
  ""temporal_smoothness"": 3
}"
DETM,nyt,llama,7,2005,3,3,"{
  ""temporal_coherence"": 3,
  ""temporal_smoothness"": 3
}"
DETM,nyt,llama,7,2006,3,3,"{
  ""temporal_coherence"": 3,
  ""temporal_smoothness"": 3
}"
DETM,nyt,llama,8,1988,3,3,"{
  ""temporal_coherence"": 3,
  ""temporal_smoothness"": 3
}"
DETM,nyt,llama,8,1989,2,2,"{
  ""temporal_coherence"": 2,
  ""temporal_smoothness"": 2
}"
DETM,nyt,llama,8,1990,2,3,"{
  ""temporal_coherence"": 2,
  ""temporal_smoothness"": 3
}"
DETM,nyt,llama,8,1991,3,3,"{
  ""temporal_coherence"": 3,
  ""temporal_smoothness"": 3
}"
DETM,nyt,llama,8,1992,2,2,"{
  ""temporal_coherence"": 2,
  ""temporal_smoothness"": 2
}"
DETM,nyt,llama,8,1993,3,3,"{
  ""temporal_coherence"": 3,
  ""temporal_smoothness"": 3
}"
DETM,nyt,llama,8,1994,3,3,"{
  ""temporal_coherence"": 3,
  ""temporal_smoothness"": 3
}"
DETM,nyt,llama,8,1995,3,3,"{
  ""temporal_coherence"": 3,
  ""temporal_smoothness"": 3
}"
DETM,nyt,llama,8,1996,3,3,"{
  ""temporal_coherence"": 3,
  ""temporal_smoothness"": 3
}"
DETM,nyt,llama,8,1997,3,3,"{
  ""temporal_coherence"": 3,
  ""temporal_smoothness"": 3
}"
DETM,nyt,llama,8,1998,2,2,"{
  ""temporal_coherence"": 2,
  ""temporal_smoothness"": 2
}"
DETM,nyt,llama,8,1999,2,2,"{
  ""temporal_coherence"": 2,
  ""temporal_smoothness"": 2
}"
DETM,nyt,llama,8,2000,2,1,"{
  ""temporal_coherence"": 2,
  ""temporal_smoothness"": 1
}"
DETM,nyt,llama,8,2001,3,3,"{
  ""temporal_coherence"": 3,
  ""temporal_smoothness"": 3
}"
DETM,nyt,llama,8,2002,3,3,"{
  ""temporal_coherence"": 3,
  ""temporal_smoothness"": 3
}"
DETM,nyt,llama,8,2003,3,3,"{
  ""temporal_coherence"": 3,
  ""temporal_smoothness"": 3
}"
DETM,nyt,llama,8,2004,3,3,"{
  ""temporal_coherence"": 3,
  ""temporal_smoothness"": 3
}"
DETM,nyt,llama,8,2005,3,3,"{
  ""temporal_coherence"": 3,
  ""temporal_smoothness"": 3
}"
DETM,nyt,llama,8,2006,3,3,"{
  ""temporal_coherence"": 3,
  ""temporal_smoothness"": 3
}"
DETM,nyt,llama,9,1988,2,1,"{
  ""temporal_coherence"": 2,
  ""temporal_smoothness"": 1
}"
DETM,nyt,llama,9,1989,2,3,"{
  ""temporal_coherence"": 2,
  ""temporal_smoothness"": 3
}"
DETM,nyt,llama,9,1990,3,3,"{
  ""temporal_coherence"": 3,
  ""temporal_smoothness"": 3
}"
DETM,nyt,llama,9,1991,2,2,"{
  ""temporal_coherence"": 2,
  ""temporal_smoothness"": 2
}"
DETM,nyt,llama,9,1992,3,3,"{
  ""temporal_coherence"": 3,
  ""temporal_smoothness"": 3
}"
DETM,nyt,llama,9,1993,2,1,"{
  ""temporal_coherence"": 2,
  ""temporal_smoothness"": 1
}"
DETM,nyt,llama,9,1994,1,1,"{
  ""temporal_coherence"": 1,
  ""temporal_smoothness"": 1
}"
DETM,nyt,llama,9,1995,2,2,"{
  ""temporal_coherence"": 2,
  ""temporal_smoothness"": 2
}"
DETM,nyt,llama,9,1996,3,3,"{
  ""temporal_coherence"": 3,
  ""temporal_smoothness"": 3
}"
DETM,nyt,llama,9,1997,3,3,"{
  ""temporal_coherence"": 3,
  ""temporal_smoothness"": 3
}"
DETM,nyt,llama,9,1998,3,3,"{
  ""temporal_coherence"": 3,
  ""temporal_smoothness"": 3
}"
DETM,nyt,llama,9,1999,3,3,"{
  ""temporal_coherence"": 3,
  ""temporal_smoothness"": 3
}"
DETM,nyt,llama,9,2000,3,3,"{
  ""temporal_coherence"": 3,
  ""temporal_smoothness"": 3
}"
DETM,nyt,llama,9,2001,3,3,"{
  ""temporal_coherence"": 3,
  ""temporal_smoothness"": 3
}"
DETM,nyt,llama,9,2002,3,3,"{
  ""temporal_coherence"": 3,
  ""temporal_smoothness"": 3
}"
DETM,nyt,llama,9,2003,3,3,"{
  ""temporal_coherence"": 3,
  ""temporal_smoothness"": 3
}"
DETM,nyt,llama,9,2004,3,3,"{
  ""temporal_coherence"": 3,
  ""temporal_smoothness"": 3
}"
DETM,nyt,llama,9,2005,3,3,"{
  ""temporal_coherence"": 3,
  ""temporal_smoothness"": 3
}"
DETM,nyt,llama,9,2006,3,3,"{
  ""temporal_coherence"": 3,
  ""temporal_smoothness"": 3
}"
DETM,nyt,llama,10,1988,2,2,"{
  ""temporal_coherence"": 2,
  ""temporal_smoothness"": 2
}"
DETM,nyt,llama,10,1989,2,1,"{
  ""temporal_coherence"": 2,
  ""temporal_smoothness"": 1
}"
DETM,nyt,llama,10,1990,2,2,"{
  ""temporal_coherence"": 2,
  ""temporal_smoothness"": 2
}"
DETM,nyt,llama,10,1991,2,1,"{
  ""temporal_coherence"": 2,
  ""temporal_smoothness"": 1
}"
DETM,nyt,llama,10,1992,1,1,"{
  ""temporal_coherence"": 1,
  ""temporal_smoothness"": 1
}"
DETM,nyt,llama,10,1993,3,3,"{
  ""temporal_coherence"": 3,
  ""temporal_smoothness"": 3
}"
DETM,nyt,llama,10,1994,2,2,"{
  ""temporal_coherence"": 2,
  ""temporal_smoothness"": 2
}"
DETM,nyt,llama,10,1995,1,1,"{
  ""temporal_coherence"": 1,
  ""temporal_smoothness"": 1
}"
DETM,nyt,llama,10,1996,1,1,"{
  ""temporal_coherence"": 1,
  ""temporal_smoothness"": 1
}"
DETM,nyt,llama,10,1997,3,2,"{
  ""temporal_coherence"": 3,
  ""temporal_smoothness"": 2
}"
DETM,nyt,llama,10,1998,3,3,"{
  ""temporal_coherence"": 3,
  ""temporal_smoothness"": 3
}"
DETM,nyt,llama,10,1999,2,1,"{
  ""temporal_coherence"": 2,
  ""temporal_smoothness"": 1
}"
DETM,nyt,llama,10,2000,1,1,"{
  ""temporal_coherence"": 1,
  ""temporal_smoothness"": 1
}"
DETM,nyt,llama,10,2001,2,1,"{
  ""temporal_coherence"": 2,
  ""temporal_smoothness"": 1
}"
DETM,nyt,llama,10,2002,3,3,"{
  ""temporal_coherence"": 3,
  ""temporal_smoothness"": 3
}"
DETM,nyt,llama,10,2003,3,3,"{
  ""temporal_coherence"": 3,
  ""temporal_smoothness"": 3
}"
DETM,nyt,llama,10,2004,2,1,"{
  ""temporal_coherence"": 2,
  ""temporal_smoothness"": 1
}"
DETM,nyt,llama,10,2005,1,1,"{
  ""temporal_coherence"": 1,
  ""temporal_smoothness"": 1
}"
DETM,nyt,llama,10,2006,3,3,"{
  ""temporal_coherence"": 3,
  ""temporal_smoothness"": 3
}"
DETM,nyt,llama,11,1988,3,3,"{
  ""temporal_coherence"": 3,
  ""temporal_smoothness"": 3
}"
DETM,nyt,llama,11,1989,2,3,"{
  ""temporal_coherence"": 2,
  ""temporal_smoothness"": 3
}"
DETM,nyt,llama,11,1990,2,1,"{
  ""temporal_coherence"": 2,
  ""temporal_smoothness"": 1
}"
DETM,nyt,llama,11,1991,2,1,"{
  ""temporal_coherence"": 2,
  ""temporal_smoothness"": 1
}"
DETM,nyt,llama,11,1992,1,1,"{
  ""temporal_coherence"": 1,
  ""temporal_smoothness"": 1
}"
DETM,nyt,llama,11,1993,1,1,"{
  ""temporal_coherence"": 1,
  ""temporal_smoothness"": 1
}"
DETM,nyt,llama,11,1994,2,3,"{
  ""temporal_coherence"": 2,
  ""temporal_smoothness"": 3
}"
DETM,nyt,llama,11,1995,1,1,"{
  ""temporal_coherence"": 1,
  ""temporal_smoothness"": 1
}"
DETM,nyt,llama,11,1996,2,3,"{
  ""temporal_coherence"": 2,
  ""temporal_smoothness"": 3
}"
DETM,nyt,llama,11,1997,1,1,"{
  ""temporal_coherence"": 1,
  ""temporal_smoothness"": 1
}"
DETM,nyt,llama,11,1998,1,1,"{
  ""temporal_coherence"": 1,
  ""temporal_smoothness"": 1
}"
DETM,nyt,llama,11,1999,3,2,"{
  ""temporal_coherence"": 3,
  ""temporal_smoothness"": 2
}"
DETM,nyt,llama,11,2000,2,2,"{
  ""temporal_coherence"": 2,
  ""temporal_smoothness"": 2
}"
DETM,nyt,llama,11,2001,3,3,"{
  ""temporal_coherence"": 3,
  ""temporal_smoothness"": 3
}"
DETM,nyt,llama,11,2002,1,1,"{
  ""temporal_coherence"": 1,
  ""temporal_smoothness"": 1
}"
DETM,nyt,llama,11,2003,1,1,"{
  ""temporal_coherence"": 1,
  ""temporal_smoothness"": 1
}"
DETM,nyt,llama,11,2004,1,1,"{
  ""temporal_coherence"": 1,
  ""temporal_smoothness"": 1
}"
DETM,nyt,llama,11,2005,2,3,"{
  ""temporal_coherence"": 2,
  ""temporal_smoothness"": 3
}"
DETM,nyt,llama,11,2006,3,3,"{
  ""temporal_coherence"": 3,
  ""temporal_smoothness"": 3
}"
DETM,nyt,llama,12,1988,3,3,"{
  ""temporal_coherence"": 3,
  ""temporal_smoothness"": 3
}"
DETM,nyt,llama,12,1989,2,2,"{
  ""temporal_coherence"": 2,
  ""temporal_smoothness"": 2
}"
DETM,nyt,llama,12,1990,3,3,"{
  ""temporal_coherence"": 3,
  ""temporal_smoothness"": 3
}"
DETM,nyt,llama,12,1991,2,3,"{
  ""temporal_coherence"": 2,
  ""temporal_smoothness"": 3
}"
DETM,nyt,llama,12,1992,2,1,"{
  ""temporal_coherence"": 2,
  ""temporal_smoothness"": 1
}"
DETM,nyt,llama,12,1993,2,3,"{
  ""temporal_coherence"": 2,
  ""temporal_smoothness"": 3
}"
DETM,nyt,llama,12,1994,3,3,"{
  ""temporal_coherence"": 3,
  ""temporal_smoothness"": 3
}"
DETM,nyt,llama,12,1995,2,1,"{
  ""temporal_coherence"": 2,
  ""temporal_smoothness"": 1
}"
DETM,nyt,llama,12,1996,2,3,"{
  ""temporal_coherence"": 2,
  ""temporal_smoothness"": 3
}"
DETM,nyt,llama,12,1997,3,3,"{
  ""temporal_coherence"": 3,
  ""temporal_smoothness"": 3
}"
DETM,nyt,llama,12,1998,2,2,"{
  ""temporal_coherence"": 2,
  ""temporal_smoothness"": 2
}"
DETM,nyt,llama,12,1999,2,3,"{
  ""temporal_coherence"": 2,
  ""temporal_smoothness"": 3
}"
DETM,nyt,llama,12,2000,2,2,"{
  ""temporal_coherence"": 2,
  ""temporal_smoothness"": 2
}"
DETM,nyt,llama,12,2001,2,3,"{
  ""temporal_coherence"": 2,
  ""temporal_smoothness"": 3
}"
DETM,nyt,llama,12,2002,3,3,"{
  ""temporal_coherence"": 3,
  ""temporal_smoothness"": 3
}"
DETM,nyt,llama,12,2003,3,3,"{
  ""temporal_coherence"": 3,
  ""temporal_smoothness"": 3
}"
DETM,nyt,llama,12,2004,1,1,"{
  ""temporal_coherence"": 1,
  ""temporal_smoothness"": 1
}"
DETM,nyt,llama,12,2005,1,1,"{
  ""temporal_coherence"": 1,
  ""temporal_smoothness"": 1
}"
DETM,nyt,llama,12,2006,3,3,"{
  ""temporal_coherence"": 3,
  ""temporal_smoothness"": 3
}"
DETM,nyt,llama,13,1988,2,2,"{
  ""temporal_coherence"": 2,
  ""temporal_smoothness"": 2
}"
DETM,nyt,llama,13,1989,2,2,"{
  ""temporal_coherence"": 2,
  ""temporal_smoothness"": 2
}"
DETM,nyt,llama,13,1990,2,1,"{
  ""temporal_coherence"": 2,
  ""temporal_smoothness"": 1
}"
DETM,nyt,llama,13,1991,1,1,"{
  ""temporal_coherence"": 1,
  ""temporal_smoothness"": 1
}"
DETM,nyt,llama,13,1992,2,3,"{
  ""temporal_coherence"": 2,
  ""temporal_smoothness"": 3
}"
DETM,nyt,llama,13,1993,3,3,"{
  ""temporal_coherence"": 3,
  ""temporal_smoothness"": 3
}"
DETM,nyt,llama,13,1994,3,3,"{
  ""temporal_coherence"": 3,
  ""temporal_smoothness"": 3
}"
DETM,nyt,llama,13,1995,3,2,"{
  ""temporal_coherence"": 3,
  ""temporal_smoothness"": 2
}"
DETM,nyt,llama,13,1996,2,2,"{
  ""temporal_coherence"": 2,
  ""temporal_smoothness"": 2
}"
DETM,nyt,llama,13,1997,2,2,"{
  ""temporal_coherence"": 2,
  ""temporal_smoothness"": 2
}"
DETM,nyt,llama,13,1998,3,3,"{
  ""temporal_coherence"": 3,
  ""temporal_smoothness"": 3
}"
DETM,nyt,llama,13,1999,3,3,"{
  ""temporal_coherence"": 3,
  ""temporal_smoothness"": 3
}"
DETM,nyt,llama,13,2000,3,3,"{
  ""temporal_coherence"": 3,
  ""temporal_smoothness"": 3
}"
DETM,nyt,llama,13,2001,1,1,"{
  ""temporal_coherence"": 1,
  ""temporal_smoothness"": 1
}"
DETM,nyt,llama,13,2002,1,1,"{
  ""temporal_coherence"": 1,
  ""temporal_smoothness"": 1
}"
DETM,nyt,llama,13,2003,1,1,"{
  ""temporal_coherence"": 1,
  ""temporal_smoothness"": 1
}"
DETM,nyt,llama,13,2004,1,1,"{
  ""temporal_coherence"": 1,
  ""temporal_smoothness"": 1
}"
DETM,nyt,llama,13,2005,3,3,"{
  ""temporal_coherence"": 3,
  ""temporal_smoothness"": 3
}"
DETM,nyt,llama,13,2006,3,3,"{
  ""temporal_coherence"": 3,
  ""temporal_smoothness"": 3
}"
DETM,nyt,llama,14,1988,3,3,"{
  ""temporal_coherence"": 3,
  ""temporal_smoothness"": 3
}"
DETM,nyt,llama,14,1989,1,1,"{
  ""temporal_coherence"": 1,
  ""temporal_smoothness"": 1
}"
DETM,nyt,llama,14,1990,2,3,"{
  ""temporal_coherence"": 2,
  ""temporal_smoothness"": 3
}"
DETM,nyt,llama,14,1991,1,1,"{
  ""temporal_coherence"": 1,
  ""temporal_smoothness"": 1
}"
DETM,nyt,llama,14,1992,1,1,"{
  ""temporal_coherence"": 1,
  ""temporal_smoothness"": 1
}"
DETM,nyt,llama,14,1993,1,1,"{
  ""temporal_coherence"": 1,
  ""temporal_smoothness"": 1
}"
DETM,nyt,llama,14,1994,3,3,"{
  ""temporal_coherence"": 3,
  ""temporal_smoothness"": 3
}"
DETM,nyt,llama,14,1995,1,1,"{
  ""temporal_coherence"": 1,
  ""temporal_smoothness"": 1
}"
DETM,nyt,llama,14,1996,1,1,"{
  ""temporal_coherence"": 1,
  ""temporal_smoothness"": 1
}"
DETM,nyt,llama,14,1997,3,3,"{
  ""temporal_coherence"": 3,
  ""temporal_smoothness"": 3
}"
DETM,nyt,llama,14,1998,1,1,"{
  ""temporal_coherence"": 1,
  ""temporal_smoothness"": 1
}"
DETM,nyt,llama,14,1999,1,1,"{
  ""temporal_coherence"": 1,
  ""temporal_smoothness"": 1
}"
DETM,nyt,llama,14,2000,2,2,"{
  ""temporal_coherence"": 2,
  ""temporal_smoothness"": 2
}"
DETM,nyt,llama,14,2001,2,1,"{
  ""temporal_coherence"": 2,
  ""temporal_smoothness"": 1
}"
DETM,nyt,llama,14,2002,1,2,"{
  ""temporal_coherence"": 1,
  ""temporal_smoothness"": 2
}"
DETM,nyt,llama,14,2003,3,3,"{
  ""temporal_coherence"": 3,
  ""temporal_smoothness"": 3
}"
DETM,nyt,llama,14,2004,3,3,"{
  ""temporal_coherence"": 3,
  ""temporal_smoothness"": 3
}"
DETM,nyt,llama,14,2005,3,3,"{
  ""temporal_coherence"": 3,
  ""temporal_smoothness"": 3
}"
DETM,nyt,llama,14,2006,3,3,"{
  ""temporal_coherence"": 3,
  ""temporal_smoothness"": 3
}"
DETM,nyt,llama,15,1988,1,1,"{
  ""temporal_coherence"": 1,
  ""temporal_smoothness"": 1
}"
DETM,nyt,llama,15,1989,2,1,"{
  ""temporal_coherence"": 2,
  ""temporal_smoothness"": 1
}"
DETM,nyt,llama,15,1990,2,3,"{
  ""temporal_coherence"": 2,
  ""temporal_smoothness"": 3
}"
DETM,nyt,llama,15,1991,3,3,"{
  ""temporal_coherence"": 3,
  ""temporal_smoothness"": 3
}"
DETM,nyt,llama,15,1992,3,3,"{
  ""temporal_coherence"": 3,
  ""temporal_smoothness"": 3
}"
DETM,nyt,llama,15,1993,2,1,"{
  ""temporal_coherence"": 2,
  ""temporal_smoothness"": 1
}"
DETM,nyt,llama,15,1994,2,3,"{
  ""temporal_coherence"": 2,
  ""temporal_smoothness"": 3
}"
DETM,nyt,llama,15,1995,3,3,"{
  ""temporal_coherence"": 3,
  ""temporal_smoothness"": 3
}"
DETM,nyt,llama,15,1996,2,2,"{
  ""temporal_coherence"": 2,
  ""temporal_smoothness"": 2
}"
DETM,nyt,llama,15,1997,2,1,"{
  ""temporal_coherence"": 2,
  ""temporal_smoothness"": 1
}"
DETM,nyt,llama,15,1998,1,1,"{
  ""temporal_coherence"": 1,
  ""temporal_smoothness"": 1
}"
DETM,nyt,llama,15,1999,2,2,"{
  ""temporal_coherence"": 2,
  ""temporal_smoothness"": 2
}"
DETM,nyt,llama,15,2000,3,3,"{
  ""temporal_coherence"": 3,
  ""temporal_smoothness"": 3
}"
DETM,nyt,llama,15,2001,2,3,"{
  ""temporal_coherence"": 2,
  ""temporal_smoothness"": 3
}"
DETM,nyt,llama,15,2002,3,3,"{
  ""temporal_coherence"": 3,
  ""temporal_smoothness"": 3
}"
DETM,nyt,llama,15,2003,3,3,"{
  ""temporal_coherence"": 3,
  ""temporal_smoothness"": 3
}"
DETM,nyt,llama,15,2004,3,3,"{
  ""temporal_coherence"": 3,
  ""temporal_smoothness"": 3
}"
DETM,nyt,llama,15,2005,3,3,"{
  ""temporal_coherence"": 3,
  ""temporal_smoothness"": 3
}"
DETM,nyt,llama,15,2006,3,3,"{
  ""temporal_coherence"": 3,
  ""temporal_smoothness"": 3
}"
DETM,nyt,llama,16,1988,3,3,"{
  ""temporal_coherence"": 3,
  ""temporal_smoothness"": 3
}"
DETM,nyt,llama,16,1989,1,1,"{
  ""temporal_coherence"": 1,
  ""temporal_smoothness"": 1
}"
DETM,nyt,llama,16,1990,2,3,"{
  ""temporal_coherence"": 2,
  ""temporal_smoothness"": 3
}"
DETM,nyt,llama,16,1991,3,3,"{
  ""temporal_coherence"": 3,
  ""temporal_smoothness"": 3
}"
DETM,nyt,llama,16,1992,3,3,"{
  ""temporal_coherence"": 3,
  ""temporal_smoothness"": 3
}"
DETM,nyt,llama,16,1993,3,3,"{
  ""temporal_coherence"": 3,
  ""temporal_smoothness"": 3
}"
DETM,nyt,llama,16,1994,1,1,"{
  ""temporal_coherence"": 1,
  ""temporal_smoothness"": 1
}"
DETM,nyt,llama,16,1995,1,1,"{
  ""temporal_coherence"": 1,
  ""temporal_smoothness"": 1
}"
DETM,nyt,llama,16,1996,2,3,"{
  ""temporal_coherence"": 2,
  ""temporal_smoothness"": 3
}"
DETM,nyt,llama,16,1997,2,2,"{
  ""temporal_coherence"": 2,
  ""temporal_smoothness"": 2
}"
DETM,nyt,llama,16,1998,2,2,"{
  ""temporal_coherence"": 2,
  ""temporal_smoothness"": 2
}"
DETM,nyt,llama,16,1999,2,2,"{
  ""temporal_coherence"": 2,
  ""temporal_smoothness"": 2
}"
DETM,nyt,llama,16,2000,2,1,"{
  ""temporal_coherence"": 2,
  ""temporal_smoothness"": 1
}"
DETM,nyt,llama,16,2001,1,1,"{
  ""temporal_coherence"": 1,
  ""temporal_smoothness"": 1
}"
DETM,nyt,llama,16,2002,2,3,"{
  ""temporal_coherence"": 2,
  ""temporal_smoothness"": 3
}"
DETM,nyt,llama,16,2003,1,1,"{
  ""temporal_coherence"": 1,
  ""temporal_smoothness"": 1
}"
DETM,nyt,llama,16,2004,1,1,"{
  ""temporal_coherence"": 1,
  ""temporal_smoothness"": 1
}"
DETM,nyt,llama,16,2005,1,1,"{
  ""temporal_coherence"": 1,
  ""temporal_smoothness"": 1
}"
DETM,nyt,llama,16,2006,2,2,"{
  ""temporal_coherence"": 2,
  ""temporal_smoothness"": 2
}"
DETM,nyt,llama,17,1988,3,3,"{
  ""temporal_coherence"": 3,
  ""temporal_smoothness"": 3
}"
DETM,nyt,llama,17,1989,2,1,"{
  ""temporal_coherence"": 2,
  ""temporal_smoothness"": 1
}"
DETM,nyt,llama,17,1990,1,1,"{
  ""temporal_coherence"": 1,
  ""temporal_smoothness"": 1
}"
DETM,nyt,llama,17,1991,2,1,"{
  ""temporal_coherence"": 2,
  ""temporal_smoothness"": 1
}"
DETM,nyt,llama,17,1992,1,1,"{
  ""temporal_coherence"": 1,
  ""temporal_smoothness"": 1
}"
DETM,nyt,llama,17,1993,1,1,"{
  ""temporal_coherence"": 1,
  ""temporal_smoothness"": 1
}"
DETM,nyt,llama,17,1994,1,1,"{
  ""temporal_coherence"": 1,
  ""temporal_smoothness"": 1
}"
DETM,nyt,llama,17,1995,3,3,"{
  ""temporal_coherence"": 3,
  ""temporal_smoothness"": 3
}"
DETM,nyt,llama,17,1996,3,3,"{
  ""temporal_coherence"": 3,
  ""temporal_smoothness"": 3
}"
DETM,nyt,llama,17,1997,1,1,"{
  ""temporal_coherence"": 1,
  ""temporal_smoothness"": 1
}"
DETM,nyt,llama,17,1998,2,3,"{
  ""temporal_coherence"": 2,
  ""temporal_smoothness"": 3
}"
DETM,nyt,llama,17,1999,3,3,"{
  ""temporal_coherence"": 3,
  ""temporal_smoothness"": 3
}"
DETM,nyt,llama,17,2000,3,3,"{
  ""temporal_coherence"": 3,
  ""temporal_smoothness"": 3
}"
DETM,nyt,llama,17,2001,3,3,"{
  ""temporal_coherence"": 3,
  ""temporal_smoothness"": 3
}"
DETM,nyt,llama,17,2002,2,1,"{
  ""temporal_coherence"": 2,
  ""temporal_smoothness"": 1
}"
DETM,nyt,llama,17,2003,2,3,"{
  ""temporal_coherence"": 2,
  ""temporal_smoothness"": 3
}"
DETM,nyt,llama,17,2004,3,3,"{
  ""temporal_coherence"": 3,
  ""temporal_smoothness"": 3
}"
DETM,nyt,llama,17,2005,3,3,"{
  ""temporal_coherence"": 3,
  ""temporal_smoothness"": 3
}"
DETM,nyt,llama,17,2006,3,3,"{
  ""temporal_coherence"": 3,
  ""temporal_smoothness"": 3
}"
DETM,nyt,llama,18,1988,3,3,"{
  ""temporal_coherence"": 3,
  ""temporal_smoothness"": 3
}"
DETM,nyt,llama,18,1989,2,1,"{
  ""temporal_coherence"": 2,
  ""temporal_smoothness"": 1
}"
DETM,nyt,llama,18,1990,1,1,"{
  ""temporal_coherence"": 1,
  ""temporal_smoothness"": 1
}"
DETM,nyt,llama,18,1991,2,1,"{
  ""temporal_coherence"": 2,
  ""temporal_smoothness"": 1
}"
DETM,nyt,llama,18,1992,2,3,"{
  ""temporal_coherence"": 2,
  ""temporal_smoothness"": 3
}"
DETM,nyt,llama,18,1993,3,3,"{
  ""temporal_coherence"": 3,
  ""temporal_smoothness"": 3
}"
DETM,nyt,llama,18,1994,2,2,"{
  ""temporal_coherence"": 2,
  ""temporal_smoothness"": 2
}"
DETM,nyt,llama,18,1995,1,1,"{
  ""temporal_coherence"": 1,
  ""temporal_smoothness"": 1
}"
DETM,nyt,llama,18,1996,3,3,"{
  ""temporal_coherence"": 3,
  ""temporal_smoothness"": 3
}"
DETM,nyt,llama,18,1997,2,1,"{
  ""temporal_coherence"": 2,
  ""temporal_smoothness"": 1
}"
DETM,nyt,llama,18,1998,1,1,"{
  ""temporal_coherence"": 1,
  ""temporal_smoothness"": 1
}"
DETM,nyt,llama,18,1999,2,2,"{
  ""temporal_coherence"": 2,
  ""temporal_smoothness"": 2
}"
DETM,nyt,llama,18,2000,2,3,"{
  ""temporal_coherence"": 2,
  ""temporal_smoothness"": 3
}"
DETM,nyt,llama,18,2001,3,3,"{
  ""temporal_coherence"": 3,
  ""temporal_smoothness"": 3
}"
DETM,nyt,llama,18,2002,3,3,"{
  ""temporal_coherence"": 3,
  ""temporal_smoothness"": 3
}"
DETM,nyt,llama,18,2003,2,1,"{
  ""temporal_coherence"": 2,
  ""temporal_smoothness"": 1
}"
DETM,nyt,llama,18,2004,1,2,"{
  ""temporal_coherence"": 1,
  ""temporal_smoothness"": 2
}"
DETM,nyt,llama,18,2005,3,3,"{
  ""temporal_coherence"": 3,
  ""temporal_smoothness"": 3
}"
DETM,nyt,llama,18,2006,3,3,"{
  ""temporal_coherence"": 3,
  ""temporal_smoothness"": 3
}"
DETM,nyt,llama,19,1988,3,3,"{
  ""temporal_coherence"": 3,
  ""temporal_smoothness"": 3
}"
DETM,nyt,llama,19,1989,2,1,"{
  ""temporal_coherence"": 2,
  ""temporal_smoothness"": 1
}"
DETM,nyt,llama,19,1990,1,2,"{
  ""temporal_coherence"": 1,
  ""temporal_smoothness"": 2
}"
DETM,nyt,llama,19,1991,3,1,"{
  ""temporal_coherence"": 3,
  ""temporal_smoothness"": 1
}"
DETM,nyt,llama,19,1992,3,3,"{
  ""temporal_coherence"": 3,
  ""temporal_smoothness"": 3
}"
DETM,nyt,llama,19,1993,1,1,"{
  ""temporal_coherence"": 1,
  ""temporal_smoothness"": 1
}"
DETM,nyt,llama,19,1994,1,1,"{
  ""temporal_coherence"": 1,
  ""temporal_smoothness"": 1
}"
DETM,nyt,llama,19,1995,2,1,"{
  ""temporal_coherence"": 2,
  ""temporal_smoothness"": 1
}"
DETM,nyt,llama,19,1996,3,3,"{
  ""temporal_coherence"": 3,
  ""temporal_smoothness"": 3
}"
DETM,nyt,llama,19,1997,3,3,"{
  ""temporal_coherence"": 3,
  ""temporal_smoothness"": 3
}"
DETM,nyt,llama,19,1998,2,1,"{
  ""temporal_coherence"": 2,
  ""temporal_smoothness"": 1
}"
DETM,nyt,llama,19,1999,1,1,"{
  ""temporal_coherence"": 1,
  ""temporal_smoothness"": 1
}"
DETM,nyt,llama,19,2000,1,1,"{
  ""temporal_coherence"": 1,
  ""temporal_smoothness"": 1
}"
DETM,nyt,llama,19,2001,2,2,"{
  ""temporal_coherence"": 2,
  ""temporal_smoothness"": 2
}"
DETM,nyt,llama,19,2002,1,1,"{
  ""temporal_coherence"": 1,
  ""temporal_smoothness"": 1
}"
DETM,nyt,llama,19,2003,1,1,"{
  ""temporal_coherence"": 1,
  ""temporal_smoothness"": 1
}"
DETM,nyt,llama,19,2004,3,3,"{
  ""temporal_coherence"": 3,
  ""temporal_smoothness"": 3
}"
DETM,nyt,llama,19,2005,3,3,"{
  ""temporal_coherence"": 3,
  ""temporal_smoothness"": 3
}"
DETM,nyt,llama,19,2006,2,2,"{
  ""temporal_coherence"": 2,
  ""temporal_smoothness"": 2
}"
