dtm_model,dataset,llm,topic_idx,year,intruder,detected,correct,raw
DLDA,nyt,deepseek,0,1987,employees,lead,False,lead
DLDA,nyt,deepseek,0,1988,black,said,False,said
DLDA,nyt,deepseek,0,1989,works,plane,False,plane
DLDA,nyt,deepseek,0,1990,bond,said,False,said
DLDA,nyt,deepseek,0,1991,democratic,plane,False,plane
DLDA,nyt,deepseek,0,1992,said,plane,False,plane
DLDA,nyt,deepseek,0,1993,university,plane,False,plane
DLDA,nyt,deepseek,0,1994,national,said,False,said
DLDA,nyt,deepseek,0,1995,article,said,False,said
DLDA,nyt,deepseek,0,1996,league,said,False,said
DLDA,nyt,deepseek,0,1997,congress,said,False,said
DLDA,nyt,deepseek,0,1998,government,said,False,said
DLDA,nyt,deepseek,0,1999,listed,listed,True,listed
DLDA,nyt,deepseek,0,2000,said,said,True,said
DLDA,nyt,deepseek,0,2001,judge,,False,
DLDA,nyt,deepseek,0,2002,salt,said,False,said
DLDA,nyt,deepseek,0,2003,trial,plane,False,plane
DLDA,nyt,deepseek,0,2004,mets,mets,True,mets
DLDA,nyt,deepseek,0,2005,directed,directed,True,directed
DLDA,nyt,deepseek,0,2006,public,said,False,said
DLDA,nyt,deepseek,0,2007,beloved,said,False,said
DLDA,nyt,deepseek,1,1987,gallery,gallery,True,gallery
DLDA,nyt,deepseek,1,1988,think,think,True,think
DLDA,nyt,deepseek,1,1989,department,play,False,play
DLDA,nyt,deepseek,1,1990,american,american,True,American
DLDA,nyt,deepseek,1,1991,time,time,True,time
DLDA,nyt,deepseek,1,1992,community,,False,
DLDA,nyt,deepseek,1,1993,president,president,True,president
DLDA,nyt,deepseek,1,1994,daughter,daughter,True,daughter
DLDA,nyt,deepseek,1,1995,open,open,True,open
DLDA,nyt,deepseek,1,1996,said,said,True,said
DLDA,nyt,deepseek,1,1997,economy,'economy',False,'economy'
DLDA,nyt,deepseek,1,1998,games,"okay,",False,"Okay, so I'm trying to figure out which word in the list doesn't belong to the topic. The list is ['games', 'film', 'production', 'movie', 'theater', 'play'], and the year is 1998. I need to find the word that's least related to the others.

First, I'll go through each word and see what they mean. 'Games' could refer to video games, board games, or maybe even sports games. 'Film' is pretty straightforward—it's movies. 'Production' makes me think of making movies or other media. 'Movie' is definitely related to films. 'Theater' could be about plays or the place where movies are shown. 'Play' usually refers to theater plays or maybe games like video games.

Now, considering the year 1998, I'm thinking about what was popular then. 'Film' and 'movie' are definitely big in the 90s. 'Theater' and 'play' are more traditional, but still relevant. 'Production' is a term used in both film and theater. 'Games' could be video games, which were becoming more mainstream in the late 90s.

Wait, but 'theater' and 'play' are more about live performances, right? While the others are more about media or entertainment. Maybe 'games' is the odd one out because it's more about interactive entertainment rather than traditional theater or film. Or perhaps 'theater' is the odd one because it's more about live performances, whereas the others are more about media production.

Hmm, but 'theater' can also be related to movies because movies are sometimes shown in theaters. So maybe 'theater' isn't the odd one. Then again, 'play' can refer to both theater plays and video games, like in the context of 'playstation.' So maybe 'games' is the least related because it's more about interactive activities, while the others are more about media production or performance.

Wait, but 'games' can also be part of film and theater, like in video game adaptations or live-action games. So maybe that's not the case. Alternatively, 'theater' might be the odd one because it's more about live performances, while the others are more about media production. Or perhaps 'play' is the odd one because it's more about theater, while the others are about media.

I'm a bit confused. Let me think again. The task is to find the word least related. 'Games' can be related to film (like video game movies) and theater (like live-action games). 'Film' and 'movie' are directly related. 'Production' is used in both film and theater. 'Theater' is directly related to plays. 'Play' can be both theater and video games. So maybe 'theater' is the least related because it's more about live performances, while the others are more about media production. Or perhaps 'games' is the least because it's more about interactive entertainment, whereas the others are more about traditional media.

Wait, but 'games' can be part of film and theater, so maybe 'theater' is the odd one because it's more about live performances, while the others are about media. Or perhaps 'play' is the odd one because it's more about theater, while the others are about media. I'm not sure.

I think I need to consider which word doesn't fit as well with the others. 'Games' can be part of film and theater, so maybe it's more related. 'Theater' is directly related to 'play' and 'theater' itself. 'Production' is used in both. 'Film' and 'movie' are the same thing. So maybe 'theater' is the least related because it's more about live performances, while the others are about media production. Or perhaps 'play' is the odd one because it's more about theater, while the others are about media.

Wait, but 'play' can also refer to video games, like 'playstation.' So maybe 'play' is more related to both theater and games. So perhaps 'theater' is the odd one because it's more about live performances, while the others are about media production. Or maybe 'games' is the odd one because it's more about interactive entertainment, whereas the others are about media.

I'm going in circles. Let me try to think differently. The other words are all related to media production or consumption: film, movie, theater, play, production. 'Games' is more about interactive entertainment, which might be a bit different. So maybe 'games' is the least related because it's more about interactive activities rather than traditional media.

Alternatively, 'theater' might be the odd one because it's more about live performances, while the others are about media. Or 'play' could be the odd one because it's more about theater. I'm not sure.

I think I'll"
DLDA,nyt,deepseek,1,1999,prices,prices,True,prices
DLDA,nyt,deepseek,1,2000,school,school,True,school
DLDA,nyt,deepseek,1,2001,bush,bush,True,bush
DLDA,nyt,deepseek,1,2002,street,street,True,street
DLDA,nyt,deepseek,1,2003,house,house,True,house
DLDA,nyt,deepseek,1,2004,iraq,iraq,True,iraq
DLDA,nyt,deepseek,1,2005,father,,False,
DLDA,nyt,deepseek,1,2006,housing,housing,True,housing
DLDA,nyt,deepseek,1,2007,games,like,False,like
DLDA,nyt,deepseek,2,1987,black,jersey,False,jersey
DLDA,nyt,deepseek,2,1988,banks,banks,True,banks
DLDA,nyt,deepseek,2,1989,money,money,True,money
DLDA,nyt,deepseek,2,1990,judge,jersey,False,jersey
DLDA,nyt,deepseek,2,1991,garden,garden,True,garden
DLDA,nyt,deepseek,2,1992,mayor,york,False,york
DLDA,nyt,deepseek,2,1993,tablespoons,tablespoons,True,tablespoons
DLDA,nyt,deepseek,2,1994,party,jersey,False,jersey
DLDA,nyt,deepseek,2,1995,heat,pataki,False,pataki
DLDA,nyt,deepseek,2,1996,general,pataki,False,pataki
DLDA,nyt,deepseek,2,1997,states,,False,
DLDA,nyt,deepseek,2,1998,power,jersey,False,jersey
DLDA,nyt,deepseek,2,1999,percent,said,False,said
DLDA,nyt,deepseek,2,2000,points,said,False,said
DLDA,nyt,deepseek,2,2001,room,said,False,said
DLDA,nyt,deepseek,2,2002,security,said,False,said
DLDA,nyt,deepseek,2,2003,report,said,False,said
DLDA,nyt,deepseek,2,2004,street,,False,
DLDA,nyt,deepseek,2,2005,wrote,"okay,",False,"Okay, so I'm trying to figure out which word in the list doesn't belong to the topic. The words given are 'state', 'governor', 'county', 'jersey', 'said', and 'wrote'. The year is 2005, but I'm not sure how that plays into it. Maybe it's related to a specific event or context from that year.

First, I'll look at each word and see what they might relate to. 'State' could refer to a political entity, like a government state. 'Governor' is a political position, so that's definitely related. 'County' is also a political or administrative division. 'Jersey' could be tricky because it's a place, like the island, but it might also be a type of clothing or fabric, but given the other words, it's more likely the place. 'Wrote' is an action, like writing something, maybe a speech or a document.

Now, 'said' is a bit confusing. It's a verb, often used in writing to show that someone spoke or wrote something. So, in a context where someone is writing about government or political matters, 'said' could make sense. For example, ""The governor said..."" or ""The state wrote..."".

Putting it all together, all the words except one seem to fit into a political or governmental context. 'Wrote' is an action that could be part of official documents or speeches. 'Said' is used to report statements made by officials. 'State', 'governor', and 'county' are all terms used in government. 'Jersey' here is likely referring to the New Jersey state, which is a U.S. state.

So, the word that doesn't fit is 'jersey' because, while it's a place, it's not a political term like the others. Wait, but 'jersey' could also be a type of clothing, but given the context of the other words, it's more likely referring to the state. Hmm, maybe I'm overcomplicating it. Alternatively, perhaps 'said' is the odd one out because it's a verb, while the others are nouns. But in a written context, 'said' is used to describe an action, so it's still related.

Wait, no, the user is asking for the word that doesn't belong. So, considering all, 'jersey' is a place, but it's a specific one, whereas the others are more general terms. Or maybe 'said' is the one because it's a verb, but I think 'said' is still related in a narrative context. Alternatively, 'wrote' is an action, but it's still related to writing official documents.

Wait, maybe 'jersey' is the one because it's a specific place, while the others are more about governance. Or perhaps 'said' is the one because it's a verb, but I think it's still part of the narrative. Alternatively, 'county' is a term used in government, so that's fine. 'State' is a government entity. 'Governor' is a position. 'Wrote' is an action, maybe writing a speech. 'Said' is reporting a statement. So, the only one that doesn't fit is 'jersey' because it's a place, but it's a specific one, whereas the others are more about governance. Or maybe 'jersey' is the one because it's not a governance term, but it's a place, so it's still related. Hmm, I'm a bit confused.

Wait, maybe 'jersey' is the one because it's a type of clothing, but in this context, it's probably referring to the state. So, perhaps 'jersey' is the least related because it's a specific place, while the others are more about governance. Or maybe 'said' is the one because it's a verb, but I think it's still part of the narrative. Alternatively, 'wrote' is an action, but it's still related to writing official things.

I think I'm overcomplicating it. The user wants the word that doesn't belong. So, considering all, 'jersey' is the least related because it's a specific place, while the others are more about governance. Or maybe 'said' is the one because it's a verb, but I think it's still part of the narrative. Alternatively, 'wrote' is an action, but it's still related to writing official documents.

Wait, perhaps 'jersey' is the one because it's a place, but the others are all terms used in governance. So, 'jersey' is the least related. Or maybe 'said' is the one because it's a verb, but I think it's still part of the narrative. Alternatively, 'wrote' is an action, but it's still related to writing official things.

I think I need"
DLDA,nyt,deepseek,2,2006,bloomberg,bloomberg,True,bloomberg
DLDA,nyt,deepseek,2,2007,statement,statement,True,statement
DLDA,nyt,deepseek,3,1987,report,report,True,report
DLDA,nyt,deepseek,3,1988,budget,budget,True,budget
DLDA,nyt,deepseek,3,1989,time,time,True,time
DLDA,nyt,deepseek,3,1990,european,european,True,european
DLDA,nyt,deepseek,3,1991,cook,cook,True,cook
DLDA,nyt,deepseek,3,1992,corporation,corporation,True,corporation
DLDA,nyt,deepseek,3,1993,secretary,secretary,True,secretary
DLDA,nyt,deepseek,3,1994,people,people,True,people
DLDA,nyt,deepseek,3,1995,child,child,True,child
DLDA,nyt,deepseek,3,1996,french,,False,
DLDA,nyt,deepseek,3,1997,israel,israel,True,israel
DLDA,nyt,deepseek,3,1998,sales,sales,True,sales
DLDA,nyt,deepseek,3,1999,exhibition,exhibition,True,exhibition
DLDA,nyt,deepseek,3,2000,department,department,True,department
DLDA,nyt,deepseek,3,2001,high,high,True,high
DLDA,nyt,deepseek,3,2002,supreme,supreme,True,supreme
DLDA,nyt,deepseek,3,2003,states,states,True,states
DLDA,nyt,deepseek,3,2004,contract,contract,True,contract
DLDA,nyt,deepseek,3,2005,sunday,sunday,True,Sunday
DLDA,nyt,deepseek,3,2006,sales,sales,True,sales
DLDA,nyt,deepseek,3,2007,trial,trial,True,trial
DLDA,nyt,deepseek,4,1987,world,vice,False,vice
DLDA,nyt,deepseek,4,1988,insurance,,False,
DLDA,nyt,deepseek,4,1989,billion,vice,False,vice
DLDA,nyt,deepseek,4,1990,mother,mother,True,mother
DLDA,nyt,deepseek,4,1991,think,think,True,think
DLDA,nyt,deepseek,4,1992,trees,trees,True,trees
DLDA,nyt,deepseek,4,1993,jews,jews,True,jews
DLDA,nyt,deepseek,4,1994,space,york,False,york
DLDA,nyt,deepseek,4,1995,parents,york,False,york
DLDA,nyt,deepseek,4,1996,lawyer,york,False,york
DLDA,nyt,deepseek,4,1997,banks,york,False,york
DLDA,nyt,deepseek,4,1998,republicans,york,False,york
DLDA,nyt,deepseek,4,1999,driver,driver,True,driver
DLDA,nyt,deepseek,4,2000,case,case,True,case
DLDA,nyt,deepseek,4,2001,club,,False,
DLDA,nyt,deepseek,4,2002,case,case,True,case
DLDA,nyt,deepseek,4,2003,election,election,True,election
DLDA,nyt,deepseek,4,2004,street,street,True,street
DLDA,nyt,deepseek,4,2005,public,public,True,public
DLDA,nyt,deepseek,4,2006,religious,religious,True,religious
DLDA,nyt,deepseek,4,2007,military,military,True,military
DLDA,nyt,deepseek,5,1987,executive,,False,
DLDA,nyt,deepseek,5,1988,cable,cable,True,cable
DLDA,nyt,deepseek,5,1989,house,house,True,house
DLDA,nyt,deepseek,5,1990,movie,movie,True,movie
DLDA,nyt,deepseek,5,1991,bonds,bonds,True,bonds
DLDA,nyt,deepseek,5,1992,said,said,True,said
DLDA,nyt,deepseek,5,1993,child,child,True,child
DLDA,nyt,deepseek,5,1994,family,,False,
DLDA,nyt,deepseek,5,1995,film,film,True,film
DLDA,nyt,deepseek,5,1996,season,said,False,said
DLDA,nyt,deepseek,5,1997,economy,said,False,said
DLDA,nyt,deepseek,5,1998,center,said,False,said
DLDA,nyt,deepseek,5,1999,buildings,said,False,said
DLDA,nyt,deepseek,5,2000,team,said,False,said
DLDA,nyt,deepseek,5,2001,decision,said,False,said
DLDA,nyt,deepseek,5,2002,water,water,True,water
DLDA,nyt,deepseek,5,2003,added,said,False,said
DLDA,nyt,deepseek,5,2004,street,said,False,said
DLDA,nyt,deepseek,5,2005,second,second,True,second
DLDA,nyt,deepseek,5,2006,israeli,israeli,True,israeli
DLDA,nyt,deepseek,5,2007,misstated,,False,
DLDA,nyt,deepseek,6,1987,said,said,True,said
DLDA,nyt,deepseek,6,1988,said,said,True,said
DLDA,nyt,deepseek,6,1989,team,said,False,said
DLDA,nyt,deepseek,6,1990,million,said,False,said
DLDA,nyt,deepseek,6,1991,court,million,False,million
DLDA,nyt,deepseek,6,1992,miss,miss,True,miss
DLDA,nyt,deepseek,6,1993,police,said,False,said
DLDA,nyt,deepseek,6,1994,died,died,True,died
DLDA,nyt,deepseek,6,1995,jury,jury,True,jury
DLDA,nyt,deepseek,6,1996,husband,husband,True,husband
DLDA,nyt,deepseek,6,1997,doctors,doctors,True,doctors
DLDA,nyt,deepseek,6,1998,government,said,False,said
DLDA,nyt,deepseek,6,1999,said,,False,
DLDA,nyt,deepseek,6,2000,traffic,said,False,said
DLDA,nyt,deepseek,6,2001,river,river,True,river
DLDA,nyt,deepseek,6,2002,design,said,False,said
DLDA,nyt,deepseek,6,2003,production,said,False,said
DLDA,nyt,deepseek,6,2004,policy,said,False,said
DLDA,nyt,deepseek,6,2005,season,season,True,season
DLDA,nyt,deepseek,6,2006,director,,False,
DLDA,nyt,deepseek,6,2007,iraq,iraq,True,iraq
DLDA,nyt,deepseek,7,1987,broadway,said,False,said
DLDA,nyt,deepseek,7,1988,plan,said,False,said
DLDA,nyt,deepseek,7,1989,parents,said,False,said
DLDA,nyt,deepseek,7,1990,points,points,True,points
DLDA,nyt,deepseek,7,1991,business,said,False,said
DLDA,nyt,deepseek,7,1992,percent,like,False,like
DLDA,nyt,deepseek,7,1993,exhibition,exhibition,True,exhibition
DLDA,nyt,deepseek,7,1994,million,million,True,million
DLDA,nyt,deepseek,7,1995,said,said,True,said
DLDA,nyt,deepseek,7,1996,internet,the,False,The word least related to the others is 'like.'
DLDA,nyt,deepseek,7,1997,league,league,True,league
DLDA,nyt,deepseek,7,1998,added,added,True,added
DLDA,nyt,deepseek,7,1999,state,like,False,like
DLDA,nyt,deepseek,7,2000,said,like,False,like
DLDA,nyt,deepseek,7,2001,told,people,False,people
DLDA,nyt,deepseek,7,2002,water,water,True,water
DLDA,nyt,deepseek,7,2003,space,said,False,said
DLDA,nyt,deepseek,7,2004,medical,like,False,like
DLDA,nyt,deepseek,7,2005,computer,said,False,said
DLDA,nyt,deepseek,7,2006,statement,like,False,like
DLDA,nyt,deepseek,7,2007,troops,troops,True,troops
DLDA,nyt,deepseek,8,1987,exhibition,exhibition,True,exhibition
DLDA,nyt,deepseek,8,1988,football,football,True,football
DLDA,nyt,deepseek,8,1989,said,said,True,said
DLDA,nyt,deepseek,8,1990,workers,workers,True,workers
DLDA,nyt,deepseek,8,1991,black,black,True,black
DLDA,nyt,deepseek,8,1992,leaders,leaders,True,leaders
DLDA,nyt,deepseek,8,1993,book,book,True,book
DLDA,nyt,deepseek,8,1994,collection,collection,True,collection
DLDA,nyt,deepseek,8,1995,year,year,True,year
DLDA,nyt,deepseek,8,1996,board,quarter,False,quarter
DLDA,nyt,deepseek,8,1997,open,year,False,year
DLDA,nyt,deepseek,8,1998,ford,ford,True,ford
DLDA,nyt,deepseek,8,1999,going,going,True,going
DLDA,nyt,deepseek,8,2000,avenue,avenue,True,avenue
DLDA,nyt,deepseek,8,2001,families,families,True,families
DLDA,nyt,deepseek,8,2002,said,said,True,said
DLDA,nyt,deepseek,8,2003,transportation,transportation,True,transportation
DLDA,nyt,deepseek,8,2004,service,service,True,service
DLDA,nyt,deepseek,8,2005,exchange,year,False,year
DLDA,nyt,deepseek,8,2006,court,,False,
DLDA,nyt,deepseek,8,2007,river,river,True,river
DLDA,nyt,deepseek,9,1987,television,television,True,television
DLDA,nyt,deepseek,9,1988,company,company,True,company
DLDA,nyt,deepseek,9,1989,country,country,True,country
DLDA,nyt,deepseek,9,1990,college,college,True,college
DLDA,nyt,deepseek,9,1991,good,good,True,good
DLDA,nyt,deepseek,9,1992,theater,theater,True,theater
DLDA,nyt,deepseek,9,1993,police,japan,False,japan
DLDA,nyt,deepseek,9,1994,jews,jews,True,jews
DLDA,nyt,deepseek,9,1995,mayor,japan,False,Japan
DLDA,nyt,deepseek,9,1996,funds,funds,True,funds
DLDA,nyt,deepseek,9,1997,decision,decision,True,decision
DLDA,nyt,deepseek,9,1998,political,russia,False,russia
DLDA,nyt,deepseek,9,1999,book,book,True,book
DLDA,nyt,deepseek,9,2000,husband,husband,True,husband
DLDA,nyt,deepseek,9,2001,broadway,broadway,True,Broadway
DLDA,nyt,deepseek,9,2002,museum,museum,True,museum
DLDA,nyt,deepseek,9,2003,secretary,,False,
DLDA,nyt,deepseek,9,2004,european,states,False,states
DLDA,nyt,deepseek,9,2005,palestinian,palestinian,True,palestinian
DLDA,nyt,deepseek,9,2006,election,world,False,world
DLDA,nyt,deepseek,9,2007,family,family,True,family
DLDA,nyt,deepseek,10,1987,points,points,True,points
DLDA,nyt,deepseek,10,1988,years,years,True,years
DLDA,nyt,deepseek,10,1989,election,"okay,",False,"Okay, so I'm trying to figure out which word in the list doesn't belong to the topic. The topic is about the year 1989, and the words given are 'author', 'books', 'book', 'novel', 'election', and 'life'. I need to find the one that's least related.

First, I'll think about the context of 1989. I remember that 1989 was a significant year with several important events. For example, the fall of the Berlin Wall happened in 1989, which was a major political event. There was also the Tiananmen Square protests, which were significant in China. So, the year 1989 is associated with political changes and movements.

Now, looking at the list of words: 'author' makes me think of someone who writes books, so that's related to literature. 'Books' and 'book' are directly related to reading and literature. 'Novel' is a type of book, so that's definitely related. 'Election' could refer to a political event, like a presidential election or a local election, which ties into the political aspect of 1989. 'Life' is a bit more general, but it can relate to various aspects of life, including personal experiences or societal changes.

Putting it all together, 'author', 'books', 'book', and 'novel' are all directly related to literature, which is a cultural aspect. 'Election' ties into the political events of that year, and 'life' is a broad term that can relate to the societal changes happening around that time. However, 'election' and 'life' are more about the broader context, while the others are more about literature.

Wait, but the question is about which word is least related. So, I need to see which one doesn't fit as well. 'Author' and the others are all part of literature, so they're all related. 'Election' and 'life' are more about the societal or political context. But which one is the least related?

Hmm, 'life' is a very broad term. It could refer to personal life, societal life, or the state of life in a country during that time. In 1989, with significant political changes, 'life' might be referring to the collective life of people during that transformative period. So, it's still somewhat related.

On the other hand, 'election' is directly tied to the political events of that year, like the fall of the Berlin Wall might have been influenced by political changes, including elections. So, 'election' is definitely related.

Wait, but the user mentioned that one word does NOT belong. So, perhaps 'life' is the least related because it's more about the general state of being rather than the specific context of 1989. Or maybe 'author' is the least related because authors are more about creating works, which is a separate aspect.

Wait, no, 'author' is definitely related to literature, which is part of the cultural context of 1989. So, maybe 'election' is the least related because it's more about the political aspect, but that's still related to the events of 1989.

Wait, I'm getting confused. Let me try another approach. The topic is about 1989, so the words should relate to that year. 'Author' relates to literature, which could have been influenced by the events of 1989. 'Books' and 'novel' are directly related to literature. 'Election' relates to the political changes, like the fall of the Berlin Wall might have been influenced by political shifts, including elections. 'Life' is a bit vague, but it could refer to the collective life of people during that time, which was impacted by the events.

So, perhaps 'author' is the least related because it's more about the creation of books, which is a separate aspect. Or maybe 'life' is the least related because it's too broad. Alternatively, 'election' is directly related to the political events, so it's more tied to the context.

Wait, but the user's example response was 'life', so maybe that's the answer. But I'm not entirely sure. Let me think again. The other words are all directly related to literature or politics, which are aspects of 1989. 'Life' is more about the people's experiences, which is still related but perhaps less directly tied to the specific events.

Alternatively, maybe 'author' is the least related because it's about the creation of books, which is a separate activity from the events of 1989. But I think 'author' is still related because authors write about events, including those in 1989.

I'm a bit torn, but I think the least related word is 'life' because it's the most general and doesn't specifically tie into the events or the literature as directly as the others. So, I'll go with 'life' as"
DLDA,nyt,deepseek,10,1990,treatment,treatment,True,treatment
DLDA,nyt,deepseek,10,1991,million,million,True,million
DLDA,nyt,deepseek,10,1992,national,national,True,national
DLDA,nyt,deepseek,10,1993,united,united,True,united
DLDA,nyt,deepseek,10,1994,union,union,True,union
DLDA,nyt,deepseek,10,1995,yards,yards,True,yards
DLDA,nyt,deepseek,10,1996,county,county,True,county
DLDA,nyt,deepseek,10,1997,water,water,True,water
DLDA,nyt,deepseek,10,1998,said,said,True,said
DLDA,nyt,deepseek,10,1999,crew,crew,True,crew
DLDA,nyt,deepseek,10,2000,drivers,drivers,True,drivers
DLDA,nyt,deepseek,10,2001,agreement,,False,
DLDA,nyt,deepseek,10,2002,woman,,False,
DLDA,nyt,deepseek,10,2003,rock,,False,
DLDA,nyt,deepseek,10,2004,restaurant,,False,
DLDA,nyt,deepseek,10,2005,graduated,,False,
DLDA,nyt,deepseek,10,2006,county,,False,
DLDA,nyt,deepseek,10,2007,know,,False,
DLDA,nyt,deepseek,11,1987,years,,False,
DLDA,nyt,deepseek,11,1988,rights,,False,
DLDA,nyt,deepseek,11,1989,attorney,,False,
DLDA,nyt,deepseek,11,1990,office,,False,
DLDA,nyt,deepseek,11,1991,games,,False,
DLDA,nyt,deepseek,11,1992,health,,False,
DLDA,nyt,deepseek,11,1993,wife,,False,
DLDA,nyt,deepseek,11,1994,center,,False,
DLDA,nyt,deepseek,11,1995,legal,,False,
DLDA,nyt,deepseek,11,1996,plane,,False,
DLDA,nyt,deepseek,11,1997,plants,,False,
DLDA,nyt,deepseek,11,1998,like,,False,
DLDA,nyt,deepseek,11,1999,army,,False,
DLDA,nyt,deepseek,11,2000,officials,,False,
DLDA,nyt,deepseek,11,2001,countries,,False,
DLDA,nyt,deepseek,11,2002,public,,False,
DLDA,nyt,deepseek,11,2003,bush,,False,
DLDA,nyt,deepseek,11,2004,space,,False,
DLDA,nyt,deepseek,11,2005,said,,False,
DLDA,nyt,deepseek,11,2006,lawyer,,False,
DLDA,nyt,deepseek,11,2007,church,,False,
DLDA,nyt,deepseek,12,1987,missiles,,False,
DLDA,nyt,deepseek,12,1988,cuomo,,False,
DLDA,nyt,deepseek,12,1989,second,,False,
DLDA,nyt,deepseek,12,1990,president,,False,
DLDA,nyt,deepseek,12,1991,republican,,False,
DLDA,nyt,deepseek,12,1992,safety,said,False,said
DLDA,nyt,deepseek,12,1993,told,said,False,said
DLDA,nyt,deepseek,12,1994,books,said,False,said
DLDA,nyt,deepseek,12,1995,garden,said,False,said
DLDA,nyt,deepseek,12,1996,island,said,False,said
DLDA,nyt,deepseek,12,1997,mother,mother,True,mother
DLDA,nyt,deepseek,12,1998,fact,said,False,said
DLDA,nyt,deepseek,12,1999,percent,said,False,said
DLDA,nyt,deepseek,12,2000,nations,said,False,said
DLDA,nyt,deepseek,12,2001,religious,said,False,said
DLDA,nyt,deepseek,12,2002,center,said,False,said
DLDA,nyt,deepseek,12,2003,students,,False,
DLDA,nyt,deepseek,12,2004,video,said,False,said
DLDA,nyt,deepseek,12,2005,interview,said,False,said
DLDA,nyt,deepseek,12,2006,rights,said,False,said
DLDA,nyt,deepseek,12,2007,chinese,said,False,said
DLDA,nyt,deepseek,13,1987,country,country,True,country
DLDA,nyt,deepseek,13,1988,named,,False,
DLDA,nyt,deepseek,13,1989,television,television,True,television
DLDA,nyt,deepseek,13,1990,people,insurance,False,insurance
DLDA,nyt,deepseek,13,1991,yesterday,yesterday,True,yesterday
DLDA,nyt,deepseek,13,1992,machines,machines,True,machines
DLDA,nyt,deepseek,13,1993,employees,employees,True,employees
DLDA,nyt,deepseek,13,1994,summer,,False,
DLDA,nyt,deepseek,13,1995,time,time,True,time
DLDA,nyt,deepseek,13,1996,magazine,magazine,True,magazine
DLDA,nyt,deepseek,13,1997,said,said,True,said
DLDA,nyt,deepseek,13,1998,officials,insurance,False,insurance
DLDA,nyt,deepseek,13,1999,million,million,True,million
DLDA,nyt,deepseek,13,2000,spending,,False,
DLDA,nyt,deepseek,13,2001,weapons,weapons,True,weapons
DLDA,nyt,deepseek,13,2002,interview,interview,True,interview
DLDA,nyt,deepseek,13,2003,minutes,minutes,True,minutes
DLDA,nyt,deepseek,13,2004,peace,peace,True,peace
DLDA,nyt,deepseek,13,2005,nuclear,nuclear,True,nuclear
DLDA,nyt,deepseek,13,2006,china,,False,
DLDA,nyt,deepseek,13,2007,road,road,True,road
DLDA,nyt,deepseek,14,1987,chicken,chicken,True,chicken
DLDA,nyt,deepseek,14,1988,council,council,True,council
DLDA,nyt,deepseek,14,1989,long,long,True,long
DLDA,nyt,deepseek,14,1990,year,year,True,year
DLDA,nyt,deepseek,14,1991,patients,,False,
DLDA,nyt,deepseek,14,1992,included,included,True,included
DLDA,nyt,deepseek,14,1993,heat,heat,True,heat
DLDA,nyt,deepseek,14,1994,federal,federal,True,federal
DLDA,nyt,deepseek,14,1995,japanese,japanese,True,japanese
DLDA,nyt,deepseek,14,1996,billion,"okay,",False,"Okay, so I'm trying to figure out which word in the list doesn't belong to the topic. The list is ['fund', 'investors', 'funds', 'bonds', 'bank', 'billion'] and the year is 1996. I need to find the word that's least related to the others.

First, I'll go through each word and see how they connect. 'Fund' and 'funds' seem related because they both refer to money or investments. 'Investors' are people who invest money, so that connects well with 'fund' and 'funds'. 'Bonds' are a type of investment, so that fits too. 'Bank' is definitely related to financial institutions, which handle funds and investments. 'Billion' is a large amount of money, often used in financial contexts, so that also fits.

Now, looking at each word again: 'fund', 'funds', 'investors', 'bonds', 'bank', 'billion' all seem to revolve around money, investments, or financial institutions. They all make sense in a financial context. 

Wait, but 'billion' is a unit of measurement, like a large sum of money. It's used in financial discussions, like ""a company made a billion dollars."" So it's related. 

I'm trying to think if any of these words don't fit. 'Investors' are people, but they're part of the investment process. 'Bonds' are financial instruments. 'Bank' is a financial institution. 'Fund' is a pool of money. 'Funds' is plural of fund. 'Billion' is a measure. 

I don't see any word that's outside the financial topic. Maybe 'bank' is the least related? No, because banks are central to handling funds and investments. 'Bonds' are related to investors. 'Investors' are directly related. 'Fund' and 'funds' are the core. 'Billion' is just a measure, but still financial.

Wait, maybe 'billion' is the least related because it's just a unit and not a financial instrument or a person. But in the context of discussing investments, 'billion' would still be relevant. For example, ""The company raised a billion dollars in funds."" So 'billion' is part of the financial discussion.

Hmm, perhaps 'bank' is the least related because while it's a financial institution, it's more about the place where funds are kept or managed, whereas the others are more about the funds themselves or the investors. But no, 'bank' is definitely part of the financial topic.

Wait, maybe 'investors' is the least related because they are people, but the other words are more about the financial instruments or the money itself. But in the context of a topic about funds, bonds, etc., investors are directly involved.

I'm a bit confused. Let me try another approach. If I think about each word's role: 'fund' and 'funds' are the actual investments. 'Investors' are the people who invest. 'Bonds' are another investment vehicle. 'Bank' is where people keep their money or invest. 'Billion' is the scale of money. All of these are related to finance.

Wait, maybe 'billion' is the least related because it's just a measure, not an entity or a financial instrument. But in financial discussions, it's used to describe large amounts, so it's still relevant.

I'm not sure. Maybe I should think about which word doesn't fit as well. 'Fund' and 'funds' are the central terms. 'Investors' are the people involved. 'Bonds' are investments. 'Bank' is a financial institution. 'Billion' is a measure. All are related to finance.

Wait, perhaps 'billion' is the least related because it's a unit, not a financial instrument or a person. But in the context of discussing investments, 'billion' would still be relevant. For example, ""The company's bonds reached a billion in value.""

I'm still not sure. Maybe 'bank' is the least related because it's more about the institution rather than the funds themselves. But 'bank' is definitely part of the financial topic.

Wait, perhaps 'investors' is the least related because they are people, but the other words are more about the financial aspects. But in the context of a topic about funds, bonds, etc., investors are directly involved.

I think I'm overcomplicating this. Let me try to see which word doesn't fit as well. 'Fund' and 'funds' are the same. 'Investors' are people who invest. 'Bonds' are investments. 'Bank' is a financial institution. 'Billion' is a measure of money.

Wait, maybe 'billion' is the least related because it's just a unit, not"
DLDA,nyt,deepseek,14,1997,river,river,True,river
DLDA,nyt,deepseek,14,1998,prison,prison,True,prison
DLDA,nyt,deepseek,14,1999,prison,prison,True,prison
DLDA,nyt,deepseek,14,2000,democrats,democrats,True,democrats
DLDA,nyt,deepseek,14,2001,trip,trip,True,trip
DLDA,nyt,deepseek,14,2002,billion,,False,
DLDA,nyt,deepseek,14,2003,yards,,False,
DLDA,nyt,deepseek,14,2004,minister,minister,True,minister
DLDA,nyt,deepseek,14,2005,deal,deal,True,deal
DLDA,nyt,deepseek,14,2006,report,report,True,report
DLDA,nyt,deepseek,14,2007,heat,heat,True,heat
DLDA,nyt,deepseek,15,1987,bath,bath,True,bath
DLDA,nyt,deepseek,15,1988,american,,False,
DLDA,nyt,deepseek,15,1989,officials,officials,True,officials
DLDA,nyt,deepseek,15,1990,food,food,True,food
DLDA,nyt,deepseek,15,1991,race,race,True,race
DLDA,nyt,deepseek,15,1992,million,million,True,million
DLDA,nyt,deepseek,15,1993,senate,like,False,like
DLDA,nyt,deepseek,15,1994,republican,,False,
DLDA,nyt,deepseek,15,1995,university,university,True,university
DLDA,nyt,deepseek,15,1996,high,high,True,high
DLDA,nyt,deepseek,15,1997,said,said,True,said
DLDA,nyt,deepseek,15,1998,like,museum,False,museum
DLDA,nyt,deepseek,15,1999,employees,employees,True,employees
DLDA,nyt,deepseek,15,2000,year,,False,
DLDA,nyt,deepseek,15,2001,said,said,True,said
DLDA,nyt,deepseek,15,2002,water,water,True,water
DLDA,nyt,deepseek,15,2003,director,like,False,like
DLDA,nyt,deepseek,15,2004,film,like,False,like
DLDA,nyt,deepseek,15,2005,jewish,like,False,like
DLDA,nyt,deepseek,15,2006,funeral,,False,
DLDA,nyt,deepseek,15,2007,year,year,True,year
DLDA,nyt,deepseek,16,1987,plane,plane,True,plane
DLDA,nyt,deepseek,16,1988,child,child,True,child
DLDA,nyt,deepseek,16,1989,place,place,True,place
DLDA,nyt,deepseek,16,1990,manhattan,manhattan,True,manhattan
DLDA,nyt,deepseek,16,1991,like,,False,
DLDA,nyt,deepseek,16,1992,study,study,True,study
DLDA,nyt,deepseek,16,1993,democratic,democratic,True,democratic
DLDA,nyt,deepseek,16,1994,book,book,True,book
DLDA,nyt,deepseek,16,1995,employees,employees,True,employees
DLDA,nyt,deepseek,16,1996,medical,medical,True,medical
DLDA,nyt,deepseek,16,1997,london,,False,
DLDA,nyt,deepseek,16,1998,women,women,True,women
DLDA,nyt,deepseek,16,1999,news,station,False,station
DLDA,nyt,deepseek,16,2000,fact,fact,True,fact
DLDA,nyt,deepseek,16,2001,said,said,True,said
DLDA,nyt,deepseek,16,2002,race,"okay,",False,"Okay, so I'm trying to figure out which word in the list doesn't belong to the topic. The list is ['train', 'race', 'traffic', 'vehicles', 'cars', 'ford'] and the year is 2002. I need to find the word that's least related to the others.

First, I'll go through each word and see how they connect. 'Train' makes me think of transportation, maybe like a train service or something related to public transport. 'Race' could be a bit tricky. It might refer to a racing event, like a car race or a horse race. 'Traffic' is definitely related to vehicles moving on roads. 'Vehicles' is a broad term that includes cars, trucks, buses, etc. 'Cars' are obviously part of transportation. 'Ford' is a specific brand of cars, so that's definitely related to vehicles.

Now, looking at the year 2002, I'm trying to think if any of these words might be more relevant in that specific context. 'Ford' was around in 2002, so that's a real car brand. 'Cars' in general are always relevant, but 'Ford' is more specific. 'Train' was around, but maybe in 2002, there were specific events or news related to trains. 'Race' could be a sports event, maybe a car race sponsored by Ford. 'Traffic' is a common issue in cities, so that's always relevant.

Wait, but 'race' could also mean something else, like a horse race or a marathon. But given the other words are all related to vehicles and transportation, maybe 'race' is more about car racing. So, all the other words are directly related to vehicles or transportation, while 'race' is a specific event related to cars. But 'race' is still connected to the topic because it's about cars.

Hmm, but the question is which word is least related. 'Train' is a form of transportation, but maybe in 2002, the context might have been more about cars and traffic. Or perhaps 'train' is less related because it's not about vehicles, but about public transport. Wait, but 'vehicles' include trains, right? So 'train' is part of vehicles.

Wait, maybe 'ford' is the least related because it's a specific brand, but that's still a vehicle. Or maybe 'race' is the least because it's an event, not a vehicle. But 'race' is related to cars, so it's still part of the topic.

I'm a bit confused. Let me think again. The other words are all directly related to vehicles or traffic. 'Train' is a vehicle, 'cars' are vehicles, 'ford' is a car brand, 'vehicles' is a general term, 'race' is a car race, and 'traffic' is about how vehicles move. So all of them are connected to vehicles. Therefore, the word that's least related might be 'race' because it's an event rather than a vehicle, but it's still related to cars. Alternatively, maybe 'train' is less related because it's not a car, but it's still a vehicle.

Wait, but the question is about which word is least related. So perhaps 'race' is the least because it's an event, not a vehicle, but it's still connected to cars. Alternatively, maybe 'ford' is the least because it's a specific brand, but that's still a vehicle.

I'm not sure. Maybe I should consider the context of 2002. In 2002, were there any specific events related to these words? Maybe a Ford car race? Or perhaps a traffic issue. But without more context, it's hard to say.

Alternatively, maybe 'train' is the least related because it's not a car, but it's still a vehicle. So perhaps 'train' is the least related because it's a different type of vehicle, but still part of the topic.

Wait, but the user said to find the word that does NOT belong to the topic. So maybe 'train' is the one that's not part of the vehicle topic. But that doesn't make sense because 'train' is a vehicle.

I'm getting stuck. Maybe I should look at the words again: 'train', 'race', 'traffic', 'vehicles', 'cars', 'ford'. All of these are related to vehicles except 'race', which is an event. But 'race' is related to cars. So perhaps 'race' is the least related because it's an event, not a vehicle.

Alternatively, maybe 'ford' is the least because it's a brand, but that's still a vehicle. So I'm not sure. I think I need to go with 'race' as the least related because it's an event, but it's still connected to cars. Or maybe 'train' is the least because it's a different type of vehicle.

Wait,"
DLDA,nyt,deepseek,16,2003,said,,False,
DLDA,nyt,deepseek,16,2004,county,county,True,county
DLDA,nyt,deepseek,16,2005,open,ford,False,ford
DLDA,nyt,deepseek,16,2006,rates,rates,True,rates
DLDA,nyt,deepseek,16,2007,fund,fund,True,fund
DLDA,nyt,deepseek,17,1987,nuclear,said,False,said
DLDA,nyt,deepseek,17,1988,beach,said,False,said
DLDA,nyt,deepseek,17,1989,housing,said,False,said
DLDA,nyt,deepseek,17,1990,wine,wine,True,wine
DLDA,nyt,deepseek,17,1991,think,think,True,think
DLDA,nyt,deepseek,17,1992,treatment,said,False,said
DLDA,nyt,deepseek,17,1993,said,,False,
DLDA,nyt,deepseek,17,1994,nuclear,said,False,said
DLDA,nyt,deepseek,17,1995,tickets,tickets,True,tickets
DLDA,nyt,deepseek,17,1996,peace,peace,True,peace
DLDA,nyt,deepseek,17,1997,trial,said,False,said
DLDA,nyt,deepseek,17,1998,state,said,False,said
DLDA,nyt,deepseek,17,1999,music,,False,
DLDA,nyt,deepseek,17,2000,bronx,bronx,True,bronx
DLDA,nyt,deepseek,17,2001,france,france,True,france
DLDA,nyt,deepseek,17,2002,room,room,True,room
DLDA,nyt,deepseek,17,2003,rights,rights,True,rights
DLDA,nyt,deepseek,17,2004,mother,mother,True,mother
DLDA,nyt,deepseek,17,2005,year,,False,
DLDA,nyt,deepseek,17,2006,german,german,True,german
DLDA,nyt,deepseek,17,2007,gallery,gallery,True,gallery
DLDA,nyt,deepseek,18,1987,president,'said',False,'said'
DLDA,nyt,deepseek,18,1988,chief,said,False,said
DLDA,nyt,deepseek,18,1989,years,'said',False,'said'
DLDA,nyt,deepseek,18,1990,york,,False,
DLDA,nyt,deepseek,18,1991,european,european,True,european
DLDA,nyt,deepseek,18,1992,federal,said,False,said
DLDA,nyt,deepseek,18,1993,people,said,False,said
DLDA,nyt,deepseek,18,1994,said,said,True,said
DLDA,nyt,deepseek,18,1995,play,play,True,play
DLDA,nyt,deepseek,18,1996,like,,False,
DLDA,nyt,deepseek,18,1997,mayor,mayor,True,mayor
DLDA,nyt,deepseek,18,1998,house,house,True,house
DLDA,nyt,deepseek,18,1999,history,said,False,said
DLDA,nyt,deepseek,18,2000,house,said,False,said
DLDA,nyt,deepseek,18,2001,mayor,mayor,True,mayor
DLDA,nyt,deepseek,18,2002,said,,False,
DLDA,nyt,deepseek,18,2003,political,said,False,said
DLDA,nyt,deepseek,18,2004,love,love,True,love
DLDA,nyt,deepseek,18,2005,survived,survived,True,survived
DLDA,nyt,deepseek,18,2006,says,said,False,said
DLDA,nyt,deepseek,18,2007,players,players,True,players
DLDA,nyt,deepseek,19,1987,anti,,False,
DLDA,nyt,deepseek,19,1988,miles,miles,True,miles
DLDA,nyt,deepseek,19,1989,theater,said,False,said
DLDA,nyt,deepseek,19,1990,waste,said,False,said
DLDA,nyt,deepseek,19,1991,jews,said,False,said
DLDA,nyt,deepseek,19,1992,officials,said,False,said
DLDA,nyt,deepseek,19,1993,doctors,,False,
DLDA,nyt,deepseek,19,1994,year,said,False,said
DLDA,nyt,deepseek,19,1995,japan,said,False,said
DLDA,nyt,deepseek,19,1996,union,union,True,union
DLDA,nyt,deepseek,19,1997,today,said,False,said
DLDA,nyt,deepseek,19,1998,meeting,meeting,True,meeting
DLDA,nyt,deepseek,19,1999,bank,,False,
DLDA,nyt,deepseek,19,2000,years,years,True,years
DLDA,nyt,deepseek,19,2001,movie,said,False,said
DLDA,nyt,deepseek,19,2002,rate,said,False,said
DLDA,nyt,deepseek,19,2003,judge,judge,True,judge
DLDA,nyt,deepseek,19,2004,percent,said,False,said
DLDA,nyt,deepseek,19,2005,theater,,False,
DLDA,nyt,deepseek,19,2006,river,said,False,said
DLDA,nyt,deepseek,19,2007,page,page,True,page
