topic_id,time_index,classification
13,1,"This topic evolution represents a ""Minor drift"". The majority of the terms remain consistent, and there is a minor change in the last term from 'architecture' to 'jones'. However, this shift might indicate a focus on a specific researcher or work related to neural networks, which could be considered a minor semantic shift. But overall, it's not a significant enough change to classify it as a meaningful evolution or incoherent change."
13,7,Meaningful evolution
13,13,Meaningful evolution
13,19,Meaningful evolution
13,25,Meaningful evolution
13,31,Meaningful evolution
39,1,Meaningful evolution
39,7,Meaningful evolution
39,13,"This topic evolution represents a ""Minor drift"". The topics at time t-1 and t+1 have some similarities, but there are also changes in the specific terms used, such as 'matlab' being replaced by 'pages', 'conference', 'proceedings', and 'international'. However, the overall focus on computer systems, processing, and research remains consistent. This could be a minor shift in the context or focus of the discussion over time."
39,19,Meaningful evolution
39,25,Meaningful evolution
39,31,Meaningful evolution
30,1,Meaningful evolution
30,7,Meaningful evolution
30,13,Meaningful evolution
30,19,Meaningful evolution
30,25,"This topic evolution represents a Minor drift. The words are still primarily focused on language, text, documents, and related concepts, but there is a slight shift in focus towards topics, semantic, and representations at time t+1. However, this change is not significant enough to be considered a meaningful evolution or incoherent change."
30,31,Meaningful evolution
45,1,Meaningful evolution
45,7,Meaningful evolution
45,13,"This topic evolution represents a ""Meaningful evolution"". The continuity in topics like 'number', 'example' and 'probability' suggests a consistent theme, while the shift in terms like 'size' to 'generated' and 'different' to 'random' indicates a semantic change that is not random noise. However, it's important to note that further analysis would be needed to confirm this conclusion with certainty."
45,19,Meaningful evolution
45,25,Meaningful evolution
45,31,Meaningful evolution
17,1,Meaningful evolution
17,7,"This topic evolution represents a Minor drift. The shift in words is subtle, but it can be observed that 'input' and 'output' have swapped positions, 'signal' and 'time' have also changed positions, and 'stage' has been replaced by 'factor'. However, the overall semantic meaning does not appear to have undergone a significant change."
17,13,Meaningful evolution
17,19,Meaningful evolution
17,25,Meaningful evolution
17,31,Meaningful evolution
48,1,"This topic evolution represents a ""Minor drift"". The topics at time t-1 and t are almost identical, with only 'important' being replaced by 'aspect' at time t+1. However, this change is not significant enough to indicate a meaningful evolution or incoherent change."
48,7,Meaningful evolution
48,13,Meaningful evolution
48,19,"This topic evolution represents a ""Minor drift"". The topics at time t-1 and t+1 are quite similar, with only minor changes in the order of some words and the addition or removal of a few words like 'structure' and 'parameter'. However, the overall focus on models, parameters, observed data, and generative processes remains consistent. This suggests a gradual shift rather than a significant change or random noise."
48,25,Meaningful evolution
48,31,Meaningful evolution
26,1,Meaningful evolution
26,7,Meaningful evolution
26,13,Meaningful evolution
26,19,Meaningful evolution
26,25,Meaningful evolution
26,31,Meaningful evolution
25,1,Meaningful evolution
25,7,Meaningful evolution
25,13,Meaningful evolution
25,19,Meaningful evolution
25,25,Meaningful evolution
25,31,Meaningful evolution
32,1,"This topic evolution represents ""Minor drift"". The words in the topics remain largely consistent, but there is a slight rearrangement of some words, which suggests a minor shift rather than a significant semantic change or random noise (incoherent change)."
32,7,"This topic evolution represents ""Minor drift"". The majority of the terms remain consistent, and there is a slight rearrangement in the order of some terms. However, the overall focus or semantic shift does not appear to be significant."
32,13,"This topic evolution represents a ""Minor drift"". The topics at time t and t+1 have some similarities, but there are also changes in the order and frequency of certain words, indicating a slight shift in focus or emphasis over time. However, it's not a significant change that would be classified as a meaningful evolution or incoherent change."
32,19,"This topic evolution represents a ""Minor drift"". The words remain largely consistent, but there are slight changes in their order and some words have been replaced (e.g., 'output' for 'trained', 'examples' for 'information'). However, the overall focus on topics like 'training', 'input', 'learning', 'data', 'test', and 'recognition' remains consistent, indicating a minor shift rather than a significant change or random noise."
32,25,"The given topic evolution represents a ""Minor drift"". The topics at time t and t+1 have some similarities, but there are also differences such as the addition of 'speech' at time t and 'prediction' at time t+1, which suggests a slight shift in focus or direction. However, this change is not significant enough to be considered a meaningful evolution or incoherent change."
32,31,Meaningful evolution
19,1,Meaningful evolution
19,7,"This topic evolution represents a ""Minor drift"". The shift in topics is subtle, with some words changing positions and a few new words appearing, but the overall focus on concepts related to networks, weights, and outputs remains consistent. However, without a more comprehensive analysis or context, it's hard to definitively say whether this is a meaningful evolution or just random noise."
19,13,Meaningful evolution
19,19,Meaningful evolution
19,25,Meaningful evolution
19,31,Meaningful evolution
12,1,Meaningful evolution
12,7,Meaningful evolution
12,13,Meaningful evolution
12,19,Meaningful evolution
12,25,Meaningful evolution
12,31,"The given topic evolution represents a ""Meaningful evolution"". The words related to games, agents, strategies, and values are consistently present, but there is also a shift in focus towards terms like 'state', 'decision', 'policy', and 'reward'. This suggests that the topic has evolved in a way that reflects a real-world semantic shift rather than random noise."
4,1,Meaningful evolution
4,7,Meaningful evolution
4,13,Meaningful evolution
4,19,Meaningful evolution
4,25,Meaningful evolution
4,31,Meaningful evolution
